relation_1,relation_2,composed_closest,cosine_similarity
http://example.org/ai-news/accompany,http://example.org/ai-news/achieve,http://example.org/ai-news/accompany,0.7113
http://example.org/ai-news/accompany,http://example.org/ai-news/analyze,http://example.org/ai-news/accompany,0.7321
http://example.org/ai-news/accompany,http://example.org/ai-news/announce,http://example.org/ai-news/announce,0.7445
http://example.org/ai-news/accompany,http://example.org/ai-news/appear,http://example.org/ai-news/accompany,0.7095
http://example.org/ai-news/accompany,http://example.org/ai-news/ask,http://example.org/ai-news/ask,0.7254
http://example.org/ai-news/accompany,http://example.org/ai-news/attract,http://example.org/ai-news/attract,0.731
http://example.org/ai-news/accompany,http://example.org/ai-news/be,http://example.org/ai-news/be,0.7115
http://example.org/ai-news/accompany,http://example.org/ai-news/beat,http://example.org/ai-news/beat,0.7167
http://example.org/ai-news/accompany,http://example.org/ai-news/become,http://example.org/ai-news/accompany,0.7132
http://example.org/ai-news/accompany,http://example.org/ai-news/believe,http://example.org/ai-news/believe,0.7234
http://example.org/ai-news/accompany,http://example.org/ai-news/build,http://example.org/ai-news/accompany,0.7185
http://example.org/ai-news/accompany,http://example.org/ai-news/call,http://example.org/ai-news/call,0.7462
http://example.org/ai-news/accompany,http://example.org/ai-news/cheer,http://example.org/ai-news/accompany,0.7293
http://example.org/ai-news/accompany,http://example.org/ai-news/cite,http://example.org/ai-news/cite,0.7133
http://example.org/ai-news/accompany,http://example.org/ai-news/coin,http://example.org/ai-news/accompany,0.718
http://example.org/ai-news/accompany,http://example.org/ai-news/come,http://example.org/ai-news/come,0.722
http://example.org/ai-news/accompany,http://example.org/ai-news/conduct,http://example.org/ai-news/conduct,0.7392
http://example.org/ai-news/accompany,http://example.org/ai-news/consider,http://example.org/ai-news/accompany,0.7766
http://example.org/ai-news/accompany,http://example.org/ai-news/cost,http://example.org/ai-news/cost,0.7257
http://example.org/ai-news/accompany,http://example.org/ai-news/create,http://example.org/ai-news/create,0.7546
http://example.org/ai-news/accompany,http://example.org/ai-news/dig,http://example.org/ai-news/dig,0.7377
http://example.org/ai-news/accompany,http://example.org/ai-news/do,http://example.org/ai-news/accompany,0.7092
http://example.org/ai-news/accompany,http://example.org/ai-news/enter,http://example.org/ai-news/accompany,0.7484
http://example.org/ai-news/accompany,http://example.org/ai-news/explain,http://example.org/ai-news/explain,0.7597
http://example.org/ai-news/accompany,http://example.org/ai-news/explore,http://example.org/ai-news/explore,0.7561
http://example.org/ai-news/accompany,http://example.org/ai-news/express,http://example.org/ai-news/accompany,0.7009
http://example.org/ai-news/accompany,http://example.org/ai-news/find,http://example.org/ai-news/find,0.738
http://example.org/ai-news/accompany,http://example.org/ai-news/generate,http://example.org/ai-news/accompany,0.7202
http://example.org/ai-news/accompany,http://example.org/ai-news/get,http://example.org/ai-news/get,0.7723
http://example.org/ai-news/accompany,http://example.org/ai-news/give,http://example.org/ai-news/give,0.744
http://example.org/ai-news/accompany,http://example.org/ai-news/go,http://example.org/ai-news/go,0.7249
http://example.org/ai-news/accompany,http://example.org/ai-news/guide,http://example.org/ai-news/accompany,0.7099
http://example.org/ai-news/accompany,http://example.org/ai-news/halt,http://example.org/ai-news/accompany,0.7386
http://example.org/ai-news/accompany,http://example.org/ai-news/have,http://example.org/ai-news/have,0.7061
http://example.org/ai-news/accompany,http://example.org/ai-news/hear,http://example.org/ai-news/hear,0.7174
http://example.org/ai-news/achieve,http://example.org/ai-news/allege,http://example.org/ai-news/allege,0.7014
http://example.org/ai-news/achieve,http://example.org/ai-news/analyze,http://example.org/ai-news/analyze,0.7235
http://example.org/ai-news/achieve,http://example.org/ai-news/announce,http://example.org/ai-news/announce,0.7514
http://example.org/ai-news/achieve,http://example.org/ai-news/anticipate,http://example.org/ai-news/anticipate,0.7465
http://example.org/ai-news/achieve,http://example.org/ai-news/appear,http://example.org/ai-news/appear,0.7204
http://example.org/ai-news/achieve,http://example.org/ai-news/ask,http://example.org/ai-news/ask,0.7828
http://example.org/ai-news/achieve,http://example.org/ai-news/attract,http://example.org/ai-news/attract,0.7349
http://example.org/ai-news/achieve,http://example.org/ai-news/be,http://example.org/ai-news/be,0.7495
http://example.org/ai-news/achieve,http://example.org/ai-news/beat,http://example.org/ai-news/beat,0.7569
http://example.org/ai-news/achieve,http://example.org/ai-news/become,http://example.org/ai-news/become,0.7246
http://example.org/ai-news/achieve,http://example.org/ai-news/believe,http://example.org/ai-news/believe,0.7533
http://example.org/ai-news/achieve,http://example.org/ai-news/build,http://example.org/ai-news/build,0.7236
http://example.org/ai-news/achieve,http://example.org/ai-news/call,http://example.org/ai-news/call,0.7546
http://example.org/ai-news/achieve,http://example.org/ai-news/carry,http://example.org/ai-news/carry,0.748
http://example.org/ai-news/achieve,http://example.org/ai-news/chat,http://example.org/ai-news/chat,0.7377
http://example.org/ai-news/achieve,http://example.org/ai-news/cheer,http://example.org/ai-news/cheer,0.7436
http://example.org/ai-news/achieve,http://example.org/ai-news/cite,http://example.org/ai-news/cite,0.7083
http://example.org/ai-news/achieve,http://example.org/ai-news/coin,http://example.org/ai-news/coin,0.7249
http://example.org/ai-news/achieve,http://example.org/ai-news/collaborate,http://example.org/ai-news/collaborate,0.7401
http://example.org/ai-news/achieve,http://example.org/ai-news/come,http://example.org/ai-news/come,0.7394
http://example.org/ai-news/achieve,http://example.org/ai-news/complain,http://example.org/ai-news/complain,0.7478
http://example.org/ai-news/achieve,http://example.org/ai-news/conduct,http://example.org/ai-news/conduct,0.7336
http://example.org/ai-news/achieve,http://example.org/ai-news/consider,http://example.org/ai-news/achieve,0.7137
http://example.org/ai-news/achieve,http://example.org/ai-news/cost,http://example.org/ai-news/cost,0.77
http://example.org/ai-news/achieve,http://example.org/ai-news/create,http://example.org/ai-news/create,0.7866
http://example.org/ai-news/achieve,http://example.org/ai-news/develop,http://example.org/ai-news/develop,0.7367
http://example.org/ai-news/achieve,http://example.org/ai-news/dig,http://example.org/ai-news/dig,0.7173
http://example.org/ai-news/achieve,http://example.org/ai-news/discuss,http://example.org/ai-news/discuss,0.745
http://example.org/ai-news/achieve,http://example.org/ai-news/do,http://example.org/ai-news/do,0.7513
http://example.org/ai-news/achieve,http://example.org/ai-news/drop,http://example.org/ai-news/drop,0.7618
http://example.org/ai-news/achieve,http://example.org/ai-news/enable,http://example.org/ai-news/enable,0.7544
http://example.org/ai-news/achieve,http://example.org/ai-news/enter,http://example.org/ai-news/enter,0.7237
http://example.org/ai-news/achieve,http://example.org/ai-news/expect,http://example.org/ai-news/expect,0.7192
http://example.org/ai-news/achieve,http://example.org/ai-news/explain,http://example.org/ai-news/explain,0.7574
http://example.org/ai-news/achieve,http://example.org/ai-news/explore,http://example.org/ai-news/explore,0.7109
http://example.org/ai-news/achieve,http://example.org/ai-news/express,http://example.org/ai-news/express,0.7389
http://example.org/ai-news/achieve,http://example.org/ai-news/feature,http://example.org/ai-news/feature,0.7239
http://example.org/ai-news/achieve,http://example.org/ai-news/find,http://example.org/ai-news/find,0.7659
http://example.org/ai-news/achieve,http://example.org/ai-news/flood,http://example.org/ai-news/flood,0.7432
http://example.org/ai-news/achieve,http://example.org/ai-news/generate,http://example.org/ai-news/generate,0.7154
http://example.org/ai-news/achieve,http://example.org/ai-news/get,http://example.org/ai-news/get,0.7561
http://example.org/ai-news/achieve,http://example.org/ai-news/give,http://example.org/ai-news/give,0.7852
http://example.org/ai-news/achieve,http://example.org/ai-news/go,http://example.org/ai-news/go,0.7534
http://example.org/ai-news/achieve,http://example.org/ai-news/halt,http://example.org/ai-news/halt,0.7072
http://example.org/ai-news/achieve,http://example.org/ai-news/have,http://example.org/ai-news/have,0.7336
http://example.org/ai-news/achieve,http://example.org/ai-news/hear,http://example.org/ai-news/hear,0.7469
http://example.org/ai-news/achieve,http://example.org/ai-news/incentivize,http://example.org/ai-news/incentivize,0.7178
http://example.org/ai-news/allege,http://example.org/ai-news/announce,http://example.org/ai-news/announce,0.7742
http://example.org/ai-news/allege,http://example.org/ai-news/anticipate,http://example.org/ai-news/anticipate,0.7216
http://example.org/ai-news/allege,http://example.org/ai-news/appear,http://example.org/ai-news/appear,0.75
http://example.org/ai-news/allege,http://example.org/ai-news/ask,http://example.org/ai-news/ask,0.7475
http://example.org/ai-news/allege,http://example.org/ai-news/attract,http://example.org/ai-news/attract,0.7637
http://example.org/ai-news/allege,http://example.org/ai-news/be,http://example.org/ai-news/be,0.7281
http://example.org/ai-news/allege,http://example.org/ai-news/beat,http://example.org/ai-news/beat,0.7668
http://example.org/ai-news/allege,http://example.org/ai-news/become,http://example.org/ai-news/become,0.7112
http://example.org/ai-news/allege,http://example.org/ai-news/believe,http://example.org/ai-news/believe,0.7678
http://example.org/ai-news/allege,http://example.org/ai-news/build,http://example.org/ai-news/build,0.7352
http://example.org/ai-news/allege,http://example.org/ai-news/call,http://example.org/ai-news/call,0.7456
http://example.org/ai-news/allege,http://example.org/ai-news/carry,http://example.org/ai-news/carry,0.7201
http://example.org/ai-news/allege,http://example.org/ai-news/chat,http://example.org/ai-news/chat,0.7581
http://example.org/ai-news/allege,http://example.org/ai-news/cite,http://example.org/ai-news/cite,0.7139
http://example.org/ai-news/allege,http://example.org/ai-news/coin,http://example.org/ai-news/coin,0.7007
http://example.org/ai-news/allege,http://example.org/ai-news/collaborate,http://example.org/ai-news/collaborate,0.7053
http://example.org/ai-news/allege,http://example.org/ai-news/come,http://example.org/ai-news/come,0.7417
http://example.org/ai-news/allege,http://example.org/ai-news/complain,http://example.org/ai-news/complain,0.7184
http://example.org/ai-news/allege,http://example.org/ai-news/conduct,http://example.org/ai-news/conduct,0.7214
http://example.org/ai-news/allege,http://example.org/ai-news/consider,http://example.org/ai-news/allege,0.7526
http://example.org/ai-news/allege,http://example.org/ai-news/cost,http://example.org/ai-news/cost,0.7397
http://example.org/ai-news/allege,http://example.org/ai-news/create,http://example.org/ai-news/create,0.743
http://example.org/ai-news/allege,http://example.org/ai-news/dig,http://example.org/ai-news/dig,0.7072
http://example.org/ai-news/allege,http://example.org/ai-news/discuss,http://example.org/ai-news/discuss,0.7208
http://example.org/ai-news/allege,http://example.org/ai-news/drop,http://example.org/ai-news/drop,0.7887
http://example.org/ai-news/allege,http://example.org/ai-news/enable,http://example.org/ai-news/enable,0.7387
http://example.org/ai-news/allege,http://example.org/ai-news/enter,http://example.org/ai-news/enter,0.7384
http://example.org/ai-news/allege,http://example.org/ai-news/expect,http://example.org/ai-news/expect,0.7685
http://example.org/ai-news/allege,http://example.org/ai-news/explain,http://example.org/ai-news/explain,0.7335
http://example.org/ai-news/allege,http://example.org/ai-news/explore,http://example.org/ai-news/explore,0.7517
http://example.org/ai-news/allege,http://example.org/ai-news/feature,http://example.org/ai-news/feature,0.7782
http://example.org/ai-news/allege,http://example.org/ai-news/find,http://example.org/ai-news/find,0.7706
http://example.org/ai-news/allege,http://example.org/ai-news/flood,http://example.org/ai-news/flood,0.733
http://example.org/ai-news/allege,http://example.org/ai-news/generate,http://example.org/ai-news/generate,0.7322
http://example.org/ai-news/allege,http://example.org/ai-news/get,http://example.org/ai-news/get,0.751
http://example.org/ai-news/allege,http://example.org/ai-news/give,http://example.org/ai-news/give,0.7521
http://example.org/ai-news/allege,http://example.org/ai-news/go,http://example.org/ai-news/go,0.7128
http://example.org/ai-news/allege,http://example.org/ai-news/guide,http://example.org/ai-news/guide,0.7325
http://example.org/ai-news/allege,http://example.org/ai-news/halt,http://example.org/ai-news/halt,0.7362
http://example.org/ai-news/allege,http://example.org/ai-news/have,http://example.org/ai-news/have,0.7804
http://example.org/ai-news/allege,http://example.org/ai-news/hear,http://example.org/ai-news/hear,0.709
http://example.org/ai-news/allege,http://example.org/ai-news/incentivize,http://example.org/ai-news/incentivize,0.7566
http://example.org/ai-news/analyze,http://example.org/ai-news/announce,http://example.org/ai-news/announce,0.7212
http://example.org/ai-news/analyze,http://example.org/ai-news/anticipate,http://example.org/ai-news/anticipate,0.7482
http://example.org/ai-news/analyze,http://example.org/ai-news/ask,http://example.org/ai-news/ask,0.7529
http://example.org/ai-news/analyze,http://example.org/ai-news/attract,http://example.org/ai-news/attract,0.772
http://example.org/ai-news/analyze,http://example.org/ai-news/be,http://example.org/ai-news/be,0.7409
http://example.org/ai-news/analyze,http://example.org/ai-news/beat,http://example.org/ai-news/beat,0.7303
http://example.org/ai-news/analyze,http://example.org/ai-news/become,http://example.org/ai-news/become,0.7477
http://example.org/ai-news/analyze,http://example.org/ai-news/believe,http://example.org/ai-news/believe,0.7757
http://example.org/ai-news/analyze,http://example.org/ai-news/build,http://example.org/ai-news/build,0.7126
http://example.org/ai-news/analyze,http://example.org/ai-news/call,http://example.org/ai-news/call,0.7567
http://example.org/ai-news/analyze,http://example.org/ai-news/carry,http://example.org/ai-news/carry,0.7278
http://example.org/ai-news/analyze,http://example.org/ai-news/cite,http://example.org/ai-news/cite,0.7354
http://example.org/ai-news/analyze,http://example.org/ai-news/coin,http://example.org/ai-news/coin,0.7268
http://example.org/ai-news/analyze,http://example.org/ai-news/collaborate,http://example.org/ai-news/collaborate,0.7135
http://example.org/ai-news/analyze,http://example.org/ai-news/come,http://example.org/ai-news/come,0.7169
http://example.org/ai-news/analyze,http://example.org/ai-news/complain,http://example.org/ai-news/complain,0.7116
http://example.org/ai-news/analyze,http://example.org/ai-news/conduct,http://example.org/ai-news/conduct,0.7136
http://example.org/ai-news/analyze,http://example.org/ai-news/consider,http://example.org/ai-news/analyze,0.7399
http://example.org/ai-news/analyze,http://example.org/ai-news/cost,http://example.org/ai-news/cost,0.7413
http://example.org/ai-news/analyze,http://example.org/ai-news/create,http://example.org/ai-news/create,0.7463
http://example.org/ai-news/analyze,http://example.org/ai-news/develop,http://example.org/ai-news/develop,0.727
http://example.org/ai-news/analyze,http://example.org/ai-news/dig,http://example.org/ai-news/dig,0.7268
http://example.org/ai-news/analyze,http://example.org/ai-news/do,http://example.org/ai-news/do,0.7311
http://example.org/ai-news/analyze,http://example.org/ai-news/expect,http://example.org/ai-news/expect,0.7214
http://example.org/ai-news/analyze,http://example.org/ai-news/explain,http://example.org/ai-news/explain,0.7363
http://example.org/ai-news/analyze,http://example.org/ai-news/find,http://example.org/ai-news/find,0.7548
http://example.org/ai-news/analyze,http://example.org/ai-news/flood,http://example.org/ai-news/flood,0.7146
http://example.org/ai-news/analyze,http://example.org/ai-news/generate,http://example.org/ai-news/generate,0.7163
http://example.org/ai-news/analyze,http://example.org/ai-news/get,http://example.org/ai-news/get,0.7342
http://example.org/ai-news/analyze,http://example.org/ai-news/give,http://example.org/ai-news/give,0.7847
http://example.org/ai-news/analyze,http://example.org/ai-news/go,http://example.org/ai-news/go,0.7542
http://example.org/ai-news/analyze,http://example.org/ai-news/guide,http://example.org/ai-news/analyze,0.71
http://example.org/ai-news/analyze,http://example.org/ai-news/have,http://example.org/ai-news/have,0.7431
http://example.org/ai-news/analyze,http://example.org/ai-news/hear,http://example.org/ai-news/hear,0.7255
http://example.org/ai-news/analyze,http://example.org/ai-news/incentivize,http://example.org/ai-news/incentivize,0.7318
http://example.org/ai-news/announce,http://example.org/ai-news/anticipate,http://example.org/ai-news/announce,0.7074
http://example.org/ai-news/announce,http://example.org/ai-news/appear,http://example.org/ai-news/announce,0.7581
http://example.org/ai-news/announce,http://example.org/ai-news/ask,http://example.org/ai-news/announce,0.7683
http://example.org/ai-news/announce,http://example.org/ai-news/attract,http://example.org/ai-news/announce,0.7106
http://example.org/ai-news/announce,http://example.org/ai-news/be,http://example.org/ai-news/announce,0.7092
http://example.org/ai-news/announce,http://example.org/ai-news/beat,http://example.org/ai-news/announce,0.7327
http://example.org/ai-news/announce,http://example.org/ai-news/become,http://example.org/ai-news/announce,0.7179
http://example.org/ai-news/announce,http://example.org/ai-news/believe,http://example.org/ai-news/believe,0.7301
http://example.org/ai-news/announce,http://example.org/ai-news/build,http://example.org/ai-news/announce,0.7419
http://example.org/ai-news/announce,http://example.org/ai-news/call,http://example.org/ai-news/call,0.7217
http://example.org/ai-news/announce,http://example.org/ai-news/carry,http://example.org/ai-news/announce,0.7481
http://example.org/ai-news/announce,http://example.org/ai-news/chat,http://example.org/ai-news/announce,0.7784
http://example.org/ai-news/announce,http://example.org/ai-news/cheer,http://example.org/ai-news/announce,0.7315
http://example.org/ai-news/announce,http://example.org/ai-news/cite,http://example.org/ai-news/announce,0.7712
http://example.org/ai-news/announce,http://example.org/ai-news/coin,http://example.org/ai-news/announce,0.7421
http://example.org/ai-news/announce,http://example.org/ai-news/collaborate,http://example.org/ai-news/announce,0.7466
http://example.org/ai-news/announce,http://example.org/ai-news/come,http://example.org/ai-news/announce,0.7253
http://example.org/ai-news/announce,http://example.org/ai-news/complain,http://example.org/ai-news/announce,0.7029
http://example.org/ai-news/announce,http://example.org/ai-news/conduct,http://example.org/ai-news/announce,0.7005
http://example.org/ai-news/announce,http://example.org/ai-news/consider,http://example.org/ai-news/announce,0.8027
http://example.org/ai-news/announce,http://example.org/ai-news/cost,http://example.org/ai-news/announce,0.7582
http://example.org/ai-news/announce,http://example.org/ai-news/create,http://example.org/ai-news/create,0.7577
http://example.org/ai-news/announce,http://example.org/ai-news/develop,http://example.org/ai-news/announce,0.7686
http://example.org/ai-news/announce,http://example.org/ai-news/dig,http://example.org/ai-news/announce,0.7365
http://example.org/ai-news/announce,http://example.org/ai-news/discuss,http://example.org/ai-news/announce,0.7408
http://example.org/ai-news/announce,http://example.org/ai-news/do,http://example.org/ai-news/announce,0.7577
http://example.org/ai-news/announce,http://example.org/ai-news/drop,http://example.org/ai-news/announce,0.7372
http://example.org/ai-news/announce,http://example.org/ai-news/enable,http://example.org/ai-news/announce,0.7372
http://example.org/ai-news/announce,http://example.org/ai-news/enter,http://example.org/ai-news/announce,0.7398
http://example.org/ai-news/announce,http://example.org/ai-news/expect,http://example.org/ai-news/announce,0.7111
http://example.org/ai-news/announce,http://example.org/ai-news/explain,http://example.org/ai-news/announce,0.7231
http://example.org/ai-news/announce,http://example.org/ai-news/explore,http://example.org/ai-news/announce,0.7437
http://example.org/ai-news/announce,http://example.org/ai-news/express,http://example.org/ai-news/announce,0.7222
http://example.org/ai-news/announce,http://example.org/ai-news/feature,http://example.org/ai-news/announce,0.7313
http://example.org/ai-news/announce,http://example.org/ai-news/find,http://example.org/ai-news/announce,0.7146
http://example.org/ai-news/announce,http://example.org/ai-news/flood,http://example.org/ai-news/announce,0.7318
http://example.org/ai-news/announce,http://example.org/ai-news/generate,http://example.org/ai-news/announce,0.7516
http://example.org/ai-news/announce,http://example.org/ai-news/get,http://example.org/ai-news/announce,0.7433
http://example.org/ai-news/announce,http://example.org/ai-news/go,http://example.org/ai-news/announce,0.7323
http://example.org/ai-news/announce,http://example.org/ai-news/guide,http://example.org/ai-news/announce,0.7736
http://example.org/ai-news/announce,http://example.org/ai-news/halt,http://example.org/ai-news/announce,0.7458
http://example.org/ai-news/announce,http://example.org/ai-news/have,http://example.org/ai-news/have,0.7207
http://example.org/ai-news/announce,http://example.org/ai-news/hear,http://example.org/ai-news/announce,0.7155
http://example.org/ai-news/announce,http://example.org/ai-news/incentivize,http://example.org/ai-news/announce,0.7412
http://example.org/ai-news/anticipate,http://example.org/ai-news/appear,http://example.org/ai-news/anticipate,0.7201
http://example.org/ai-news/anticipate,http://example.org/ai-news/attract,http://example.org/ai-news/attract,0.743
http://example.org/ai-news/anticipate,http://example.org/ai-news/be,http://example.org/ai-news/be,0.7151
http://example.org/ai-news/anticipate,http://example.org/ai-news/beat,http://example.org/ai-news/beat,0.7177
http://example.org/ai-news/anticipate,http://example.org/ai-news/become,http://example.org/ai-news/become,0.7131
http://example.org/ai-news/anticipate,http://example.org/ai-news/believe,http://example.org/ai-news/believe,0.7163
http://example.org/ai-news/anticipate,http://example.org/ai-news/build,http://example.org/ai-news/anticipate,0.7299
http://example.org/ai-news/anticipate,http://example.org/ai-news/call,http://example.org/ai-news/call,0.7061
http://example.org/ai-news/anticipate,http://example.org/ai-news/chat,http://example.org/ai-news/anticipate,0.7283
http://example.org/ai-news/anticipate,http://example.org/ai-news/cite,http://example.org/ai-news/cite,0.706
http://example.org/ai-news/anticipate,http://example.org/ai-news/coin,http://example.org/ai-news/anticipate,0.7516
http://example.org/ai-news/anticipate,http://example.org/ai-news/collaborate,http://example.org/ai-news/collaborate,0.7369
http://example.org/ai-news/anticipate,http://example.org/ai-news/come,http://example.org/ai-news/come,0.7745
http://example.org/ai-news/anticipate,http://example.org/ai-news/complain,http://example.org/ai-news/complain,0.7097
http://example.org/ai-news/anticipate,http://example.org/ai-news/conduct,http://example.org/ai-news/conduct,0.7331
http://example.org/ai-news/anticipate,http://example.org/ai-news/consider,http://example.org/ai-news/anticipate,0.7728
http://example.org/ai-news/anticipate,http://example.org/ai-news/cost,http://example.org/ai-news/cost,0.75
http://example.org/ai-news/anticipate,http://example.org/ai-news/create,http://example.org/ai-news/create,0.7429
http://example.org/ai-news/anticipate,http://example.org/ai-news/develop,http://example.org/ai-news/anticipate,0.7346
http://example.org/ai-news/anticipate,http://example.org/ai-news/dig,http://example.org/ai-news/dig,0.7186
http://example.org/ai-news/anticipate,http://example.org/ai-news/do,http://example.org/ai-news/anticipate,0.7161
http://example.org/ai-news/anticipate,http://example.org/ai-news/enable,http://example.org/ai-news/anticipate,0.7356
http://example.org/ai-news/anticipate,http://example.org/ai-news/enter,http://example.org/ai-news/anticipate,0.7181
http://example.org/ai-news/anticipate,http://example.org/ai-news/expect,http://example.org/ai-news/expect,0.701
http://example.org/ai-news/anticipate,http://example.org/ai-news/explain,http://example.org/ai-news/explain,0.7227
http://example.org/ai-news/anticipate,http://example.org/ai-news/explore,http://example.org/ai-news/explore,0.7133
http://example.org/ai-news/anticipate,http://example.org/ai-news/express,http://example.org/ai-news/express,0.725
http://example.org/ai-news/anticipate,http://example.org/ai-news/feature,http://example.org/ai-news/feature,0.7204
http://example.org/ai-news/anticipate,http://example.org/ai-news/find,http://example.org/ai-news/find,0.749
http://example.org/ai-news/anticipate,http://example.org/ai-news/flood,http://example.org/ai-news/flood,0.7274
http://example.org/ai-news/anticipate,http://example.org/ai-news/generate,http://example.org/ai-news/anticipate,0.701
http://example.org/ai-news/anticipate,http://example.org/ai-news/get,http://example.org/ai-news/get,0.718
http://example.org/ai-news/anticipate,http://example.org/ai-news/give,http://example.org/ai-news/give,0.7484
http://example.org/ai-news/anticipate,http://example.org/ai-news/go,http://example.org/ai-news/go,0.7242
http://example.org/ai-news/anticipate,http://example.org/ai-news/guide,http://example.org/ai-news/anticipate,0.7428
http://example.org/ai-news/anticipate,http://example.org/ai-news/halt,http://example.org/ai-news/halt,0.7154
http://example.org/ai-news/anticipate,http://example.org/ai-news/have,http://example.org/ai-news/have,0.7743
http://example.org/ai-news/anticipate,http://example.org/ai-news/incentivize,http://example.org/ai-news/incentivize,0.7275
http://example.org/ai-news/appear,http://example.org/ai-news/ask,http://example.org/ai-news/ask,0.739
http://example.org/ai-news/appear,http://example.org/ai-news/attract,http://example.org/ai-news/attract,0.711
http://example.org/ai-news/appear,http://example.org/ai-news/be,http://example.org/ai-news/be,0.7443
http://example.org/ai-news/appear,http://example.org/ai-news/beat,http://example.org/ai-news/beat,0.7316
http://example.org/ai-news/appear,http://example.org/ai-news/become,http://example.org/ai-news/become,0.7284
http://example.org/ai-news/appear,http://example.org/ai-news/believe,http://example.org/ai-news/believe,0.7288
http://example.org/ai-news/appear,http://example.org/ai-news/call,http://example.org/ai-news/call,0.7656
http://example.org/ai-news/appear,http://example.org/ai-news/carry,http://example.org/ai-news/carry,0.703
http://example.org/ai-news/appear,http://example.org/ai-news/chat,http://example.org/ai-news/appear,0.7743
http://example.org/ai-news/appear,http://example.org/ai-news/cheer,http://example.org/ai-news/cheer,0.7269
http://example.org/ai-news/appear,http://example.org/ai-news/cite,http://example.org/ai-news/cite,0.7171
http://example.org/ai-news/appear,http://example.org/ai-news/collaborate,http://example.org/ai-news/collaborate,0.7333
http://example.org/ai-news/appear,http://example.org/ai-news/come,http://example.org/ai-news/come,0.7172
http://example.org/ai-news/appear,http://example.org/ai-news/complain,http://example.org/ai-news/complain,0.7219
http://example.org/ai-news/appear,http://example.org/ai-news/conduct,http://example.org/ai-news/conduct,0.711
http://example.org/ai-news/appear,http://example.org/ai-news/consider,http://example.org/ai-news/appear,0.7631
http://example.org/ai-news/appear,http://example.org/ai-news/cost,http://example.org/ai-news/cost,0.7009
http://example.org/ai-news/appear,http://example.org/ai-news/create,http://example.org/ai-news/create,0.7703
http://example.org/ai-news/appear,http://example.org/ai-news/develop,http://example.org/ai-news/appear,0.7
http://example.org/ai-news/appear,http://example.org/ai-news/dig,http://example.org/ai-news/dig,0.7633
http://example.org/ai-news/appear,http://example.org/ai-news/discuss,http://example.org/ai-news/discuss,0.7103
http://example.org/ai-news/appear,http://example.org/ai-news/do,http://example.org/ai-news/do,0.7296
http://example.org/ai-news/appear,http://example.org/ai-news/drop,http://example.org/ai-news/drop,0.7249
http://example.org/ai-news/appear,http://example.org/ai-news/enter,http://example.org/ai-news/appear,0.7481
http://example.org/ai-news/appear,http://example.org/ai-news/expect,http://example.org/ai-news/expect,0.7177
http://example.org/ai-news/appear,http://example.org/ai-news/explain,http://example.org/ai-news/explain,0.7394
http://example.org/ai-news/appear,http://example.org/ai-news/explore,http://example.org/ai-news/explore,0.7143
http://example.org/ai-news/appear,http://example.org/ai-news/express,http://example.org/ai-news/express,0.711
http://example.org/ai-news/appear,http://example.org/ai-news/feature,http://example.org/ai-news/feature,0.7382
http://example.org/ai-news/appear,http://example.org/ai-news/find,http://example.org/ai-news/find,0.7387
http://example.org/ai-news/appear,http://example.org/ai-news/flood,http://example.org/ai-news/flood,0.7022
http://example.org/ai-news/appear,http://example.org/ai-news/get,http://example.org/ai-news/get,0.7507
http://example.org/ai-news/appear,http://example.org/ai-news/give,http://example.org/ai-news/give,0.7316
http://example.org/ai-news/appear,http://example.org/ai-news/go,http://example.org/ai-news/go,0.7562
http://example.org/ai-news/appear,http://example.org/ai-news/guide,http://example.org/ai-news/appear,0.7515
http://example.org/ai-news/appear,http://example.org/ai-news/halt,http://example.org/ai-news/halt,0.7327
http://example.org/ai-news/appear,http://example.org/ai-news/have,http://example.org/ai-news/have,0.7344
http://example.org/ai-news/appear,http://example.org/ai-news/hear,http://example.org/ai-news/hear,0.7034
http://example.org/ai-news/ask,http://example.org/ai-news/attract,http://example.org/ai-news/attract,0.7023
http://example.org/ai-news/ask,http://example.org/ai-news/be,http://example.org/ai-news/be,0.758
http://example.org/ai-news/ask,http://example.org/ai-news/beat,http://example.org/ai-news/beat,0.746
http://example.org/ai-news/ask,http://example.org/ai-news/become,http://example.org/ai-news/ask,0.7285
http://example.org/ai-news/ask,http://example.org/ai-news/believe,http://example.org/ai-news/believe,0.7122
http://example.org/ai-news/ask,http://example.org/ai-news/build,http://example.org/ai-news/ask,0.7264
http://example.org/ai-news/ask,http://example.org/ai-news/call,http://example.org/ai-news/call,0.7092
http://example.org/ai-news/ask,http://example.org/ai-news/carry,http://example.org/ai-news/ask,0.7522
http://example.org/ai-news/ask,http://example.org/ai-news/chat,http://example.org/ai-news/ask,0.7136
http://example.org/ai-news/ask,http://example.org/ai-news/cheer,http://example.org/ai-news/ask,0.7179
http://example.org/ai-news/ask,http://example.org/ai-news/collaborate,http://example.org/ai-news/collaborate,0.7038
http://example.org/ai-news/ask,http://example.org/ai-news/come,http://example.org/ai-news/come,0.7029
http://example.org/ai-news/ask,http://example.org/ai-news/complain,http://example.org/ai-news/complain,0.7369
http://example.org/ai-news/ask,http://example.org/ai-news/consider,http://example.org/ai-news/ask,0.7377
http://example.org/ai-news/ask,http://example.org/ai-news/create,http://example.org/ai-news/create,0.739
http://example.org/ai-news/ask,http://example.org/ai-news/develop,http://example.org/ai-news/ask,0.7093
http://example.org/ai-news/ask,http://example.org/ai-news/discuss,http://example.org/ai-news/ask,0.7135
http://example.org/ai-news/ask,http://example.org/ai-news/do,http://example.org/ai-news/ask,0.7275
http://example.org/ai-news/ask,http://example.org/ai-news/drop,http://example.org/ai-news/ask,0.7172
http://example.org/ai-news/ask,http://example.org/ai-news/enable,http://example.org/ai-news/ask,0.7003
http://example.org/ai-news/ask,http://example.org/ai-news/enter,http://example.org/ai-news/ask,0.7673
http://example.org/ai-news/ask,http://example.org/ai-news/explain,http://example.org/ai-news/explain,0.7273
http://example.org/ai-news/ask,http://example.org/ai-news/explore,http://example.org/ai-news/ask,0.7077
http://example.org/ai-news/ask,http://example.org/ai-news/express,http://example.org/ai-news/ask,0.7132
http://example.org/ai-news/ask,http://example.org/ai-news/feature,http://example.org/ai-news/ask,0.7082
http://example.org/ai-news/ask,http://example.org/ai-news/find,http://example.org/ai-news/find,0.7552
http://example.org/ai-news/ask,http://example.org/ai-news/generate,http://example.org/ai-news/ask,0.7438
http://example.org/ai-news/ask,http://example.org/ai-news/get,http://example.org/ai-news/get,0.7249
http://example.org/ai-news/ask,http://example.org/ai-news/give,http://example.org/ai-news/give,0.7334
http://example.org/ai-news/ask,http://example.org/ai-news/go,http://example.org/ai-news/go,0.726
http://example.org/ai-news/ask,http://example.org/ai-news/guide,http://example.org/ai-news/ask,0.7177
http://example.org/ai-news/ask,http://example.org/ai-news/halt,http://example.org/ai-news/ask,0.7232
http://example.org/ai-news/ask,http://example.org/ai-news/have,http://example.org/ai-news/have,0.7164
http://example.org/ai-news/ask,http://example.org/ai-news/incentivize,http://example.org/ai-news/ask,0.706
http://example.org/ai-news/attract,http://example.org/ai-news/be,http://example.org/ai-news/be,0.7241
http://example.org/ai-news/attract,http://example.org/ai-news/become,http://example.org/ai-news/attract,0.7347
http://example.org/ai-news/attract,http://example.org/ai-news/believe,http://example.org/ai-news/believe,0.7537
http://example.org/ai-news/attract,http://example.org/ai-news/call,http://example.org/ai-news/call,0.7246
http://example.org/ai-news/attract,http://example.org/ai-news/carry,http://example.org/ai-news/attract,0.7353
http://example.org/ai-news/attract,http://example.org/ai-news/chat,http://example.org/ai-news/attract,0.7508
http://example.org/ai-news/attract,http://example.org/ai-news/cheer,http://example.org/ai-news/attract,0.7073
http://example.org/ai-news/attract,http://example.org/ai-news/collaborate,http://example.org/ai-news/attract,0.7371
http://example.org/ai-news/attract,http://example.org/ai-news/come,http://example.org/ai-news/come,0.7011
http://example.org/ai-news/attract,http://example.org/ai-news/consider,http://example.org/ai-news/attract,0.7673
http://example.org/ai-news/attract,http://example.org/ai-news/create,http://example.org/ai-news/create,0.7565
http://example.org/ai-news/attract,http://example.org/ai-news/develop,http://example.org/ai-news/attract,0.758
http://example.org/ai-news/attract,http://example.org/ai-news/discuss,http://example.org/ai-news/attract,0.7254
http://example.org/ai-news/attract,http://example.org/ai-news/do,http://example.org/ai-news/attract,0.7613
http://example.org/ai-news/attract,http://example.org/ai-news/enable,http://example.org/ai-news/attract,0.7133
http://example.org/ai-news/attract,http://example.org/ai-news/enter,http://example.org/ai-news/attract,0.7213
http://example.org/ai-news/attract,http://example.org/ai-news/expect,http://example.org/ai-news/attract,0.7665
http://example.org/ai-news/attract,http://example.org/ai-news/explain,http://example.org/ai-news/explain,0.7382
http://example.org/ai-news/attract,http://example.org/ai-news/express,http://example.org/ai-news/attract,0.714
http://example.org/ai-news/attract,http://example.org/ai-news/feature,http://example.org/ai-news/attract,0.7178
http://example.org/ai-news/attract,http://example.org/ai-news/find,http://example.org/ai-news/find,0.7615
http://example.org/ai-news/attract,http://example.org/ai-news/flood,http://example.org/ai-news/attract,0.7468
http://example.org/ai-news/attract,http://example.org/ai-news/generate,http://example.org/ai-news/attract,0.7398
http://example.org/ai-news/attract,http://example.org/ai-news/get,http://example.org/ai-news/get,0.7084
http://example.org/ai-news/attract,http://example.org/ai-news/give,http://example.org/ai-news/give,0.7706
http://example.org/ai-news/attract,http://example.org/ai-news/go,http://example.org/ai-news/attract,0.721
http://example.org/ai-news/attract,http://example.org/ai-news/guide,http://example.org/ai-news/attract,0.7437
http://example.org/ai-news/attract,http://example.org/ai-news/halt,http://example.org/ai-news/attract,0.7339
http://example.org/ai-news/attract,http://example.org/ai-news/have,http://example.org/ai-news/have,0.7465
http://example.org/ai-news/attract,http://example.org/ai-news/hear,http://example.org/ai-news/attract,0.7027
http://example.org/ai-news/attract,http://example.org/ai-news/incentivize,http://example.org/ai-news/attract,0.7368
http://example.org/ai-news/be,http://example.org/ai-news/beat,http://example.org/ai-news/be,0.7655
http://example.org/ai-news/be,http://example.org/ai-news/become,http://example.org/ai-news/be,0.731
http://example.org/ai-news/be,http://example.org/ai-news/believe,http://example.org/ai-news/believe,0.7493
http://example.org/ai-news/be,http://example.org/ai-news/build,http://example.org/ai-news/be,0.7644
http://example.org/ai-news/be,http://example.org/ai-news/call,http://example.org/ai-news/call,0.7138
http://example.org/ai-news/be,http://example.org/ai-news/carry,http://example.org/ai-news/be,0.7236
http://example.org/ai-news/be,http://example.org/ai-news/chat,http://example.org/ai-news/be,0.7767
http://example.org/ai-news/be,http://example.org/ai-news/cheer,http://example.org/ai-news/be,0.7588
http://example.org/ai-news/be,http://example.org/ai-news/cite,http://example.org/ai-news/be,0.7504
http://example.org/ai-news/be,http://example.org/ai-news/coin,http://example.org/ai-news/be,0.7398
http://example.org/ai-news/be,http://example.org/ai-news/conduct,http://example.org/ai-news/be,0.7126
http://example.org/ai-news/be,http://example.org/ai-news/consider,http://example.org/ai-news/be,0.7811
http://example.org/ai-news/be,http://example.org/ai-news/cost,http://example.org/ai-news/be,0.7331
http://example.org/ai-news/be,http://example.org/ai-news/create,http://example.org/ai-news/create,0.7244
http://example.org/ai-news/be,http://example.org/ai-news/develop,http://example.org/ai-news/be,0.7473
http://example.org/ai-news/be,http://example.org/ai-news/dig,http://example.org/ai-news/be,0.727
http://example.org/ai-news/be,http://example.org/ai-news/discuss,http://example.org/ai-news/be,0.7365
http://example.org/ai-news/be,http://example.org/ai-news/do,http://example.org/ai-news/be,0.7707
http://example.org/ai-news/be,http://example.org/ai-news/drop,http://example.org/ai-news/be,0.7672
http://example.org/ai-news/be,http://example.org/ai-news/enable,http://example.org/ai-news/be,0.7569
http://example.org/ai-news/be,http://example.org/ai-news/enter,http://example.org/ai-news/be,0.786
http://example.org/ai-news/be,http://example.org/ai-news/expect,http://example.org/ai-news/be,0.7406
http://example.org/ai-news/be,http://example.org/ai-news/explore,http://example.org/ai-news/be,0.7232
http://example.org/ai-news/be,http://example.org/ai-news/express,http://example.org/ai-news/be,0.7572
http://example.org/ai-news/be,http://example.org/ai-news/feature,http://example.org/ai-news/be,0.7154
http://example.org/ai-news/be,http://example.org/ai-news/find,http://example.org/ai-news/be,0.7448
http://example.org/ai-news/be,http://example.org/ai-news/flood,http://example.org/ai-news/be,0.7236
http://example.org/ai-news/be,http://example.org/ai-news/generate,http://example.org/ai-news/be,0.7553
http://example.org/ai-news/be,http://example.org/ai-news/get,http://example.org/ai-news/be,0.7341
http://example.org/ai-news/be,http://example.org/ai-news/give,http://example.org/ai-news/give,0.7049
http://example.org/ai-news/be,http://example.org/ai-news/go,http://example.org/ai-news/be,0.7174
http://example.org/ai-news/be,http://example.org/ai-news/halt,http://example.org/ai-news/be,0.7474
http://example.org/ai-news/be,http://example.org/ai-news/have,http://example.org/ai-news/have,0.7253
http://example.org/ai-news/be,http://example.org/ai-news/hear,http://example.org/ai-news/be,0.7483
http://example.org/ai-news/be,http://example.org/ai-news/incentivize,http://example.org/ai-news/be,0.7122
http://example.org/ai-news/beat,http://example.org/ai-news/become,http://example.org/ai-news/beat,0.7123
http://example.org/ai-news/beat,http://example.org/ai-news/believe,http://example.org/ai-news/believe,0.7371
http://example.org/ai-news/beat,http://example.org/ai-news/build,http://example.org/ai-news/beat,0.7252
http://example.org/ai-news/beat,http://example.org/ai-news/call,http://example.org/ai-news/call,0.7304
http://example.org/ai-news/beat,http://example.org/ai-news/chat,http://example.org/ai-news/beat,0.7277
http://example.org/ai-news/beat,http://example.org/ai-news/cheer,http://example.org/ai-news/beat,0.7301
http://example.org/ai-news/beat,http://example.org/ai-news/cite,http://example.org/ai-news/beat,0.7284
http://example.org/ai-news/beat,http://example.org/ai-news/coin,http://example.org/ai-news/beat,0.7271
http://example.org/ai-news/beat,http://example.org/ai-news/complain,http://example.org/ai-news/complain,0.7064
http://example.org/ai-news/beat,http://example.org/ai-news/consider,http://example.org/ai-news/beat,0.7444
http://example.org/ai-news/beat,http://example.org/ai-news/cost,http://example.org/ai-news/cost,0.7328
http://example.org/ai-news/beat,http://example.org/ai-news/create,http://example.org/ai-news/create,0.7291
http://example.org/ai-news/beat,http://example.org/ai-news/develop,http://example.org/ai-news/beat,0.7246
http://example.org/ai-news/beat,http://example.org/ai-news/dig,http://example.org/ai-news/beat,0.7352
http://example.org/ai-news/beat,http://example.org/ai-news/do,http://example.org/ai-news/beat,0.7447
http://example.org/ai-news/beat,http://example.org/ai-news/drop,http://example.org/ai-news/beat,0.7461
http://example.org/ai-news/beat,http://example.org/ai-news/enable,http://example.org/ai-news/beat,0.7189
http://example.org/ai-news/beat,http://example.org/ai-news/enter,http://example.org/ai-news/beat,0.7188
http://example.org/ai-news/beat,http://example.org/ai-news/expect,http://example.org/ai-news/beat,0.7746
http://example.org/ai-news/beat,http://example.org/ai-news/explain,http://example.org/ai-news/explain,0.7712
http://example.org/ai-news/beat,http://example.org/ai-news/express,http://example.org/ai-news/beat,0.7417
http://example.org/ai-news/beat,http://example.org/ai-news/feature,http://example.org/ai-news/beat,0.747
http://example.org/ai-news/beat,http://example.org/ai-news/find,http://example.org/ai-news/find,0.7332
http://example.org/ai-news/beat,http://example.org/ai-news/flood,http://example.org/ai-news/beat,0.7221
http://example.org/ai-news/beat,http://example.org/ai-news/generate,http://example.org/ai-news/beat,0.7118
http://example.org/ai-news/beat,http://example.org/ai-news/get,http://example.org/ai-news/get,0.7341
http://example.org/ai-news/beat,http://example.org/ai-news/give,http://example.org/ai-news/give,0.7215
http://example.org/ai-news/beat,http://example.org/ai-news/go,http://example.org/ai-news/beat,0.7303
http://example.org/ai-news/beat,http://example.org/ai-news/guide,http://example.org/ai-news/beat,0.746
http://example.org/ai-news/beat,http://example.org/ai-news/halt,http://example.org/ai-news/beat,0.7487
http://example.org/ai-news/beat,http://example.org/ai-news/have,http://example.org/ai-news/have,0.7153
http://example.org/ai-news/beat,http://example.org/ai-news/hear,http://example.org/ai-news/beat,0.7266
http://example.org/ai-news/beat,http://example.org/ai-news/incentivize,http://example.org/ai-news/beat,0.7219
http://example.org/ai-news/become,http://example.org/ai-news/believe,http://example.org/ai-news/believe,0.745
http://example.org/ai-news/become,http://example.org/ai-news/build,http://example.org/ai-news/become,0.7155
http://example.org/ai-news/become,http://example.org/ai-news/carry,http://example.org/ai-news/become,0.7374
http://example.org/ai-news/become,http://example.org/ai-news/chat,http://example.org/ai-news/become,0.7173
http://example.org/ai-news/become,http://example.org/ai-news/cheer,http://example.org/ai-news/become,0.7173
http://example.org/ai-news/become,http://example.org/ai-news/cite,http://example.org/ai-news/cite,0.7217
http://example.org/ai-news/become,http://example.org/ai-news/coin,http://example.org/ai-news/become,0.7426
http://example.org/ai-news/become,http://example.org/ai-news/collaborate,http://example.org/ai-news/collaborate,0.707
http://example.org/ai-news/become,http://example.org/ai-news/come,http://example.org/ai-news/come,0.7821
http://example.org/ai-news/become,http://example.org/ai-news/complain,http://example.org/ai-news/complain,0.7738
http://example.org/ai-news/become,http://example.org/ai-news/consider,http://example.org/ai-news/become,0.7553
http://example.org/ai-news/become,http://example.org/ai-news/cost,http://example.org/ai-news/cost,0.7249
http://example.org/ai-news/become,http://example.org/ai-news/create,http://example.org/ai-news/create,0.7491
http://example.org/ai-news/become,http://example.org/ai-news/develop,http://example.org/ai-news/become,0.7318
http://example.org/ai-news/become,http://example.org/ai-news/dig,http://example.org/ai-news/dig,0.7678
http://example.org/ai-news/become,http://example.org/ai-news/discuss,http://example.org/ai-news/become,0.7197
http://example.org/ai-news/become,http://example.org/ai-news/do,http://example.org/ai-news/become,0.7007
http://example.org/ai-news/become,http://example.org/ai-news/drop,http://example.org/ai-news/drop,0.7082
http://example.org/ai-news/become,http://example.org/ai-news/enter,http://example.org/ai-news/become,0.728
http://example.org/ai-news/become,http://example.org/ai-news/expect,http://example.org/ai-news/expect,0.7057
http://example.org/ai-news/become,http://example.org/ai-news/explain,http://example.org/ai-news/explain,0.7703
http://example.org/ai-news/become,http://example.org/ai-news/explore,http://example.org/ai-news/explore,0.7107
http://example.org/ai-news/become,http://example.org/ai-news/express,http://example.org/ai-news/become,0.7587
http://example.org/ai-news/become,http://example.org/ai-news/find,http://example.org/ai-news/find,0.7293
http://example.org/ai-news/become,http://example.org/ai-news/generate,http://example.org/ai-news/become,0.7129
http://example.org/ai-news/become,http://example.org/ai-news/get,http://example.org/ai-news/get,0.7386
http://example.org/ai-news/become,http://example.org/ai-news/give,http://example.org/ai-news/give,0.7339
http://example.org/ai-news/become,http://example.org/ai-news/go,http://example.org/ai-news/go,0.7644
http://example.org/ai-news/become,http://example.org/ai-news/guide,http://example.org/ai-news/become,0.7007
http://example.org/ai-news/become,http://example.org/ai-news/halt,http://example.org/ai-news/halt,0.7203
http://example.org/ai-news/become,http://example.org/ai-news/have,http://example.org/ai-news/have,0.7282
http://example.org/ai-news/become,http://example.org/ai-news/incentivize,http://example.org/ai-news/become,0.7256
http://example.org/ai-news/believe,http://example.org/ai-news/build,http://example.org/ai-news/believe,0.7355
http://example.org/ai-news/believe,http://example.org/ai-news/call,http://example.org/ai-news/call,0.7559
http://example.org/ai-news/believe,http://example.org/ai-news/carry,http://example.org/ai-news/believe,0.7607
http://example.org/ai-news/believe,http://example.org/ai-news/chat,http://example.org/ai-news/believe,0.7627
http://example.org/ai-news/believe,http://example.org/ai-news/cheer,http://example.org/ai-news/believe,0.7659
http://example.org/ai-news/believe,http://example.org/ai-news/cite,http://example.org/ai-news/believe,0.7334
http://example.org/ai-news/believe,http://example.org/ai-news/coin,http://example.org/ai-news/believe,0.7405
http://example.org/ai-news/believe,http://example.org/ai-news/complain,http://example.org/ai-news/believe,0.7353
http://example.org/ai-news/believe,http://example.org/ai-news/conduct,http://example.org/ai-news/believe,0.7415
http://example.org/ai-news/believe,http://example.org/ai-news/consider,http://example.org/ai-news/believe,0.7808
http://example.org/ai-news/believe,http://example.org/ai-news/cost,http://example.org/ai-news/believe,0.7186
http://example.org/ai-news/believe,http://example.org/ai-news/create,http://example.org/ai-news/create,0.7411
http://example.org/ai-news/believe,http://example.org/ai-news/develop,http://example.org/ai-news/believe,0.7378
http://example.org/ai-news/believe,http://example.org/ai-news/dig,http://example.org/ai-news/believe,0.7336
http://example.org/ai-news/believe,http://example.org/ai-news/discuss,http://example.org/ai-news/believe,0.7382
http://example.org/ai-news/believe,http://example.org/ai-news/do,http://example.org/ai-news/believe,0.7361
http://example.org/ai-news/believe,http://example.org/ai-news/drop,http://example.org/ai-news/believe,0.7147
http://example.org/ai-news/believe,http://example.org/ai-news/enable,http://example.org/ai-news/believe,0.7627
http://example.org/ai-news/believe,http://example.org/ai-news/enter,http://example.org/ai-news/believe,0.7811
http://example.org/ai-news/believe,http://example.org/ai-news/expect,http://example.org/ai-news/believe,0.7516
http://example.org/ai-news/believe,http://example.org/ai-news/explain,http://example.org/ai-news/believe,0.752
http://example.org/ai-news/believe,http://example.org/ai-news/explore,http://example.org/ai-news/believe,0.7309
http://example.org/ai-news/believe,http://example.org/ai-news/express,http://example.org/ai-news/believe,0.7357
http://example.org/ai-news/believe,http://example.org/ai-news/feature,http://example.org/ai-news/believe,0.7802
http://example.org/ai-news/believe,http://example.org/ai-news/find,http://example.org/ai-news/believe,0.773
http://example.org/ai-news/believe,http://example.org/ai-news/flood,http://example.org/ai-news/believe,0.784
http://example.org/ai-news/believe,http://example.org/ai-news/generate,http://example.org/ai-news/believe,0.7695
http://example.org/ai-news/believe,http://example.org/ai-news/get,http://example.org/ai-news/believe,0.7186
http://example.org/ai-news/believe,http://example.org/ai-news/guide,http://example.org/ai-news/believe,0.7705
http://example.org/ai-news/believe,http://example.org/ai-news/halt,http://example.org/ai-news/believe,0.7083
http://example.org/ai-news/believe,http://example.org/ai-news/have,http://example.org/ai-news/have,0.7404
http://example.org/ai-news/believe,http://example.org/ai-news/hear,http://example.org/ai-news/believe,0.7468
http://example.org/ai-news/believe,http://example.org/ai-news/incentivize,http://example.org/ai-news/believe,0.7248
http://example.org/ai-news/build,http://example.org/ai-news/call,http://example.org/ai-news/call,0.7597
http://example.org/ai-news/build,http://example.org/ai-news/carry,http://example.org/ai-news/build,0.7038
http://example.org/ai-news/build,http://example.org/ai-news/chat,http://example.org/ai-news/build,0.7695
http://example.org/ai-news/build,http://example.org/ai-news/cheer,http://example.org/ai-news/build,0.7324
http://example.org/ai-news/build,http://example.org/ai-news/cite,http://example.org/ai-news/cite,0.73
http://example.org/ai-news/build,http://example.org/ai-news/coin,http://example.org/ai-news/build,0.741
http://example.org/ai-news/build,http://example.org/ai-news/collaborate,http://example.org/ai-news/collaborate,0.7014
http://example.org/ai-news/build,http://example.org/ai-news/come,http://example.org/ai-news/come,0.737
http://example.org/ai-news/build,http://example.org/ai-news/complain,http://example.org/ai-news/complain,0.7383
http://example.org/ai-news/build,http://example.org/ai-news/conduct,http://example.org/ai-news/conduct,0.7314
http://example.org/ai-news/build,http://example.org/ai-news/consider,http://example.org/ai-news/build,0.7932
http://example.org/ai-news/build,http://example.org/ai-news/cost,http://example.org/ai-news/cost,0.7325
http://example.org/ai-news/build,http://example.org/ai-news/create,http://example.org/ai-news/create,0.7447
http://example.org/ai-news/build,http://example.org/ai-news/develop,http://example.org/ai-news/build,0.7062
http://example.org/ai-news/build,http://example.org/ai-news/dig,http://example.org/ai-news/dig,0.7051
http://example.org/ai-news/build,http://example.org/ai-news/discuss,http://example.org/ai-news/discuss,0.7449
http://example.org/ai-news/build,http://example.org/ai-news/drop,http://example.org/ai-news/drop,0.7354
http://example.org/ai-news/build,http://example.org/ai-news/enable,http://example.org/ai-news/build,0.7106
http://example.org/ai-news/build,http://example.org/ai-news/expect,http://example.org/ai-news/expect,0.7199
http://example.org/ai-news/build,http://example.org/ai-news/explain,http://example.org/ai-news/explain,0.7769
http://example.org/ai-news/build,http://example.org/ai-news/express,http://example.org/ai-news/express,0.709
http://example.org/ai-news/build,http://example.org/ai-news/find,http://example.org/ai-news/find,0.7306
http://example.org/ai-news/build,http://example.org/ai-news/generate,http://example.org/ai-news/build,0.7148
http://example.org/ai-news/build,http://example.org/ai-news/get,http://example.org/ai-news/get,0.7665
http://example.org/ai-news/build,http://example.org/ai-news/give,http://example.org/ai-news/give,0.7292
http://example.org/ai-news/build,http://example.org/ai-news/go,http://example.org/ai-news/go,0.7243
http://example.org/ai-news/build,http://example.org/ai-news/have,http://example.org/ai-news/have,0.7679
http://example.org/ai-news/call,http://example.org/ai-news/carry,http://example.org/ai-news/call,0.7428
http://example.org/ai-news/call,http://example.org/ai-news/chat,http://example.org/ai-news/call,0.7459
http://example.org/ai-news/call,http://example.org/ai-news/cheer,http://example.org/ai-news/call,0.7301
http://example.org/ai-news/call,http://example.org/ai-news/cite,http://example.org/ai-news/call,0.7642
http://example.org/ai-news/call,http://example.org/ai-news/coin,http://example.org/ai-news/call,0.7122
http://example.org/ai-news/call,http://example.org/ai-news/collaborate,http://example.org/ai-news/call,0.7173
http://example.org/ai-news/call,http://example.org/ai-news/complain,http://example.org/ai-news/call,0.7197
http://example.org/ai-news/call,http://example.org/ai-news/conduct,http://example.org/ai-news/call,0.7464
http://example.org/ai-news/call,http://example.org/ai-news/consider,http://example.org/ai-news/call,0.8027
http://example.org/ai-news/call,http://example.org/ai-news/cost,http://example.org/ai-news/call,0.7316
http://example.org/ai-news/call,http://example.org/ai-news/create,http://example.org/ai-news/create,0.7157
http://example.org/ai-news/call,http://example.org/ai-news/develop,http://example.org/ai-news/call,0.7615
http://example.org/ai-news/call,http://example.org/ai-news/dig,http://example.org/ai-news/call,0.7422
http://example.org/ai-news/call,http://example.org/ai-news/discuss,http://example.org/ai-news/call,0.7873
http://example.org/ai-news/call,http://example.org/ai-news/do,http://example.org/ai-news/call,0.724
http://example.org/ai-news/call,http://example.org/ai-news/drop,http://example.org/ai-news/call,0.7264
http://example.org/ai-news/call,http://example.org/ai-news/enable,http://example.org/ai-news/call,0.7655
http://example.org/ai-news/call,http://example.org/ai-news/enter,http://example.org/ai-news/call,0.781
http://example.org/ai-news/call,http://example.org/ai-news/expect,http://example.org/ai-news/call,0.7617
http://example.org/ai-news/call,http://example.org/ai-news/explain,http://example.org/ai-news/call,0.7537
http://example.org/ai-news/call,http://example.org/ai-news/explore,http://example.org/ai-news/call,0.748
http://example.org/ai-news/call,http://example.org/ai-news/express,http://example.org/ai-news/call,0.7627
http://example.org/ai-news/call,http://example.org/ai-news/feature,http://example.org/ai-news/call,0.7573
http://example.org/ai-news/call,http://example.org/ai-news/find,http://example.org/ai-news/call,0.7125
http://example.org/ai-news/call,http://example.org/ai-news/flood,http://example.org/ai-news/call,0.7765
http://example.org/ai-news/call,http://example.org/ai-news/generate,http://example.org/ai-news/call,0.7569
http://example.org/ai-news/call,http://example.org/ai-news/go,http://example.org/ai-news/call,0.7198
http://example.org/ai-news/call,http://example.org/ai-news/guide,http://example.org/ai-news/call,0.7613
http://example.org/ai-news/call,http://example.org/ai-news/halt,http://example.org/ai-news/call,0.7317
http://example.org/ai-news/call,http://example.org/ai-news/have,http://example.org/ai-news/call,0.7047
http://example.org/ai-news/call,http://example.org/ai-news/hear,http://example.org/ai-news/call,0.7218
http://example.org/ai-news/call,http://example.org/ai-news/incentivize,http://example.org/ai-news/call,0.7001
http://example.org/ai-news/carry,http://example.org/ai-news/chat,http://example.org/ai-news/carry,0.7038
http://example.org/ai-news/carry,http://example.org/ai-news/collaborate,http://example.org/ai-news/collaborate,0.728
http://example.org/ai-news/carry,http://example.org/ai-news/come,http://example.org/ai-news/come,0.7471
http://example.org/ai-news/carry,http://example.org/ai-news/complain,http://example.org/ai-news/complain,0.7734
http://example.org/ai-news/carry,http://example.org/ai-news/conduct,http://example.org/ai-news/conduct,0.7502
http://example.org/ai-news/carry,http://example.org/ai-news/consider,http://example.org/ai-news/carry,0.7358
http://example.org/ai-news/carry,http://example.org/ai-news/cost,http://example.org/ai-news/cost,0.7059
http://example.org/ai-news/carry,http://example.org/ai-news/create,http://example.org/ai-news/create,0.7668
http://example.org/ai-news/carry,http://example.org/ai-news/develop,http://example.org/ai-news/carry,0.749
http://example.org/ai-news/carry,http://example.org/ai-news/dig,http://example.org/ai-news/dig,0.7037
http://example.org/ai-news/carry,http://example.org/ai-news/drop,http://example.org/ai-news/drop,0.7421
http://example.org/ai-news/carry,http://example.org/ai-news/enable,http://example.org/ai-news/carry,0.7132
http://example.org/ai-news/carry,http://example.org/ai-news/enter,http://example.org/ai-news/carry,0.7702
http://example.org/ai-news/carry,http://example.org/ai-news/explain,http://example.org/ai-news/explain,0.7398
http://example.org/ai-news/carry,http://example.org/ai-news/express,http://example.org/ai-news/express,0.7527
http://example.org/ai-news/carry,http://example.org/ai-news/feature,http://example.org/ai-news/feature,0.7119
http://example.org/ai-news/carry,http://example.org/ai-news/find,http://example.org/ai-news/find,0.7501
http://example.org/ai-news/carry,http://example.org/ai-news/flood,http://example.org/ai-news/flood,0.718
http://example.org/ai-news/carry,http://example.org/ai-news/generate,http://example.org/ai-news/carry,0.7038
http://example.org/ai-news/carry,http://example.org/ai-news/get,http://example.org/ai-news/get,0.7111
http://example.org/ai-news/carry,http://example.org/ai-news/give,http://example.org/ai-news/give,0.7107
http://example.org/ai-news/carry,http://example.org/ai-news/go,http://example.org/ai-news/go,0.7284
http://example.org/ai-news/carry,http://example.org/ai-news/guide,http://example.org/ai-news/carry,0.7018
http://example.org/ai-news/carry,http://example.org/ai-news/halt,http://example.org/ai-news/halt,0.7173
http://example.org/ai-news/carry,http://example.org/ai-news/have,http://example.org/ai-news/have,0.7327
http://example.org/ai-news/carry,http://example.org/ai-news/hear,http://example.org/ai-news/hear,0.7639
http://example.org/ai-news/carry,http://example.org/ai-news/incentivize,http://example.org/ai-news/incentivize,0.7273
http://example.org/ai-news/chat,http://example.org/ai-news/cheer,http://example.org/ai-news/cheer,0.7261
http://example.org/ai-news/chat,http://example.org/ai-news/cite,http://example.org/ai-news/cite,0.7068
http://example.org/ai-news/chat,http://example.org/ai-news/coin,http://example.org/ai-news/coin,0.7135
http://example.org/ai-news/chat,http://example.org/ai-news/collaborate,http://example.org/ai-news/collaborate,0.7423
http://example.org/ai-news/chat,http://example.org/ai-news/come,http://example.org/ai-news/come,0.7624
http://example.org/ai-news/chat,http://example.org/ai-news/complain,http://example.org/ai-news/complain,0.7192
http://example.org/ai-news/chat,http://example.org/ai-news/conduct,http://example.org/ai-news/conduct,0.7306
http://example.org/ai-news/chat,http://example.org/ai-news/consider,http://example.org/ai-news/chat,0.7664
http://example.org/ai-news/chat,http://example.org/ai-news/cost,http://example.org/ai-news/cost,0.7402
http://example.org/ai-news/chat,http://example.org/ai-news/create,http://example.org/ai-news/create,0.768
http://example.org/ai-news/chat,http://example.org/ai-news/develop,http://example.org/ai-news/develop,0.729
http://example.org/ai-news/chat,http://example.org/ai-news/discuss,http://example.org/ai-news/discuss,0.7324
http://example.org/ai-news/chat,http://example.org/ai-news/drop,http://example.org/ai-news/drop,0.7375
http://example.org/ai-news/chat,http://example.org/ai-news/enable,http://example.org/ai-news/enable,0.7056
http://example.org/ai-news/chat,http://example.org/ai-news/expect,http://example.org/ai-news/expect,0.7077
http://example.org/ai-news/chat,http://example.org/ai-news/explain,http://example.org/ai-news/explain,0.7371
http://example.org/ai-news/chat,http://example.org/ai-news/explore,http://example.org/ai-news/explore,0.7126
http://example.org/ai-news/chat,http://example.org/ai-news/express,http://example.org/ai-news/express,0.761
http://example.org/ai-news/chat,http://example.org/ai-news/feature,http://example.org/ai-news/feature,0.7198
http://example.org/ai-news/chat,http://example.org/ai-news/find,http://example.org/ai-news/find,0.7685
http://example.org/ai-news/chat,http://example.org/ai-news/get,http://example.org/ai-news/get,0.7401
http://example.org/ai-news/chat,http://example.org/ai-news/give,http://example.org/ai-news/give,0.7829
http://example.org/ai-news/chat,http://example.org/ai-news/go,http://example.org/ai-news/go,0.7263
http://example.org/ai-news/chat,http://example.org/ai-news/halt,http://example.org/ai-news/halt,0.7042
http://example.org/ai-news/chat,http://example.org/ai-news/have,http://example.org/ai-news/have,0.7638
http://example.org/ai-news/chat,http://example.org/ai-news/hear,http://example.org/ai-news/hear,0.7255
http://example.org/ai-news/chat,http://example.org/ai-news/incentivize,http://example.org/ai-news/incentivize,0.7261
http://example.org/ai-news/cheer,http://example.org/ai-news/cite,http://example.org/ai-news/cite,0.7107
http://example.org/ai-news/cheer,http://example.org/ai-news/coin,http://example.org/ai-news/cheer,0.7419
http://example.org/ai-news/cheer,http://example.org/ai-news/collaborate,http://example.org/ai-news/collaborate,0.7147
http://example.org/ai-news/cheer,http://example.org/ai-news/come,http://example.org/ai-news/come,0.7505
http://example.org/ai-news/cheer,http://example.org/ai-news/complain,http://example.org/ai-news/complain,0.7359
http://example.org/ai-news/cheer,http://example.org/ai-news/conduct,http://example.org/ai-news/conduct,0.768
http://example.org/ai-news/cheer,http://example.org/ai-news/consider,http://example.org/ai-news/cheer,0.7427
http://example.org/ai-news/cheer,http://example.org/ai-news/cost,http://example.org/ai-news/cost,0.7374
http://example.org/ai-news/cheer,http://example.org/ai-news/create,http://example.org/ai-news/create,0.766
http://example.org/ai-news/cheer,http://example.org/ai-news/do,http://example.org/ai-news/do,0.7383
http://example.org/ai-news/cheer,http://example.org/ai-news/explain,http://example.org/ai-news/explain,0.7044
http://example.org/ai-news/cheer,http://example.org/ai-news/explore,http://example.org/ai-news/explore,0.7208
http://example.org/ai-news/cheer,http://example.org/ai-news/express,http://example.org/ai-news/express,0.712
http://example.org/ai-news/cheer,http://example.org/ai-news/feature,http://example.org/ai-news/feature,0.7268
http://example.org/ai-news/cheer,http://example.org/ai-news/find,http://example.org/ai-news/find,0.7198
http://example.org/ai-news/cheer,http://example.org/ai-news/flood,http://example.org/ai-news/flood,0.7416
http://example.org/ai-news/cheer,http://example.org/ai-news/get,http://example.org/ai-news/get,0.7466
http://example.org/ai-news/cheer,http://example.org/ai-news/give,http://example.org/ai-news/give,0.7774
http://example.org/ai-news/cheer,http://example.org/ai-news/go,http://example.org/ai-news/go,0.7482
http://example.org/ai-news/cheer,http://example.org/ai-news/guide,http://example.org/ai-news/cheer,0.7386
http://example.org/ai-news/cheer,http://example.org/ai-news/halt,http://example.org/ai-news/halt,0.7169
http://example.org/ai-news/cheer,http://example.org/ai-news/have,http://example.org/ai-news/have,0.7382
http://example.org/ai-news/cheer,http://example.org/ai-news/hear,http://example.org/ai-news/hear,0.713
http://example.org/ai-news/cheer,http://example.org/ai-news/incentivize,http://example.org/ai-news/incentivize,0.7197
http://example.org/ai-news/cite,http://example.org/ai-news/coin,http://example.org/ai-news/cite,0.713
http://example.org/ai-news/cite,http://example.org/ai-news/come,http://example.org/ai-news/come,0.7736
http://example.org/ai-news/cite,http://example.org/ai-news/complain,http://example.org/ai-news/complain,0.7224
http://example.org/ai-news/cite,http://example.org/ai-news/conduct,http://example.org/ai-news/conduct,0.7206
http://example.org/ai-news/cite,http://example.org/ai-news/consider,http://example.org/ai-news/cite,0.7667
http://example.org/ai-news/cite,http://example.org/ai-news/cost,http://example.org/ai-news/cost,0.7246
http://example.org/ai-news/cite,http://example.org/ai-news/create,http://example.org/ai-news/create,0.7845
http://example.org/ai-news/cite,http://example.org/ai-news/develop,http://example.org/ai-news/cite,0.7097
http://example.org/ai-news/cite,http://example.org/ai-news/dig,http://example.org/ai-news/cite,0.7116
http://example.org/ai-news/cite,http://example.org/ai-news/discuss,http://example.org/ai-news/cite,0.7405
http://example.org/ai-news/cite,http://example.org/ai-news/do,http://example.org/ai-news/cite,0.7147
http://example.org/ai-news/cite,http://example.org/ai-news/enable,http://example.org/ai-news/cite,0.7143
http://example.org/ai-news/cite,http://example.org/ai-news/enter,http://example.org/ai-news/cite,0.725
http://example.org/ai-news/cite,http://example.org/ai-news/explain,http://example.org/ai-news/explain,0.725
http://example.org/ai-news/cite,http://example.org/ai-news/explore,http://example.org/ai-news/explore,0.7174
http://example.org/ai-news/cite,http://example.org/ai-news/feature,http://example.org/ai-news/cite,0.7038
http://example.org/ai-news/cite,http://example.org/ai-news/find,http://example.org/ai-news/find,0.7384
http://example.org/ai-news/cite,http://example.org/ai-news/flood,http://example.org/ai-news/cite,0.7251
http://example.org/ai-news/cite,http://example.org/ai-news/generate,http://example.org/ai-news/cite,0.7358
http://example.org/ai-news/cite,http://example.org/ai-news/get,http://example.org/ai-news/get,0.7294
http://example.org/ai-news/cite,http://example.org/ai-news/give,http://example.org/ai-news/give,0.7137
http://example.org/ai-news/cite,http://example.org/ai-news/halt,http://example.org/ai-news/cite,0.7222
http://example.org/ai-news/cite,http://example.org/ai-news/have,http://example.org/ai-news/have,0.7491
http://example.org/ai-news/cite,http://example.org/ai-news/incentivize,http://example.org/ai-news/cite,0.7158
http://example.org/ai-news/coin,http://example.org/ai-news/collaborate,http://example.org/ai-news/collaborate,0.7353
http://example.org/ai-news/coin,http://example.org/ai-news/come,http://example.org/ai-news/come,0.7716
http://example.org/ai-news/coin,http://example.org/ai-news/complain,http://example.org/ai-news/complain,0.7516
http://example.org/ai-news/coin,http://example.org/ai-news/conduct,http://example.org/ai-news/conduct,0.7852
http://example.org/ai-news/coin,http://example.org/ai-news/consider,http://example.org/ai-news/coin,0.7508
http://example.org/ai-news/coin,http://example.org/ai-news/cost,http://example.org/ai-news/cost,0.7289
http://example.org/ai-news/coin,http://example.org/ai-news/create,http://example.org/ai-news/create,0.7577
http://example.org/ai-news/coin,http://example.org/ai-news/dig,http://example.org/ai-news/dig,0.7529
http://example.org/ai-news/coin,http://example.org/ai-news/discuss,http://example.org/ai-news/discuss,0.7108
http://example.org/ai-news/coin,http://example.org/ai-news/do,http://example.org/ai-news/do,0.713
http://example.org/ai-news/coin,http://example.org/ai-news/enter,http://example.org/ai-news/coin,0.7011
http://example.org/ai-news/coin,http://example.org/ai-news/expect,http://example.org/ai-news/expect,0.7432
http://example.org/ai-news/coin,http://example.org/ai-news/explain,http://example.org/ai-news/explain,0.75
http://example.org/ai-news/coin,http://example.org/ai-news/explore,http://example.org/ai-news/explore,0.7132
http://example.org/ai-news/coin,http://example.org/ai-news/express,http://example.org/ai-news/express,0.7323
http://example.org/ai-news/coin,http://example.org/ai-news/feature,http://example.org/ai-news/feature,0.7059
http://example.org/ai-news/coin,http://example.org/ai-news/find,http://example.org/ai-news/find,0.7382
http://example.org/ai-news/coin,http://example.org/ai-news/flood,http://example.org/ai-news/flood,0.7091
http://example.org/ai-news/coin,http://example.org/ai-news/generate,http://example.org/ai-news/coin,0.7336
http://example.org/ai-news/coin,http://example.org/ai-news/get,http://example.org/ai-news/get,0.7656
http://example.org/ai-news/coin,http://example.org/ai-news/give,http://example.org/ai-news/give,0.7578
http://example.org/ai-news/coin,http://example.org/ai-news/go,http://example.org/ai-news/go,0.7508
http://example.org/ai-news/coin,http://example.org/ai-news/halt,http://example.org/ai-news/halt,0.7144
http://example.org/ai-news/coin,http://example.org/ai-news/have,http://example.org/ai-news/have,0.7138
http://example.org/ai-news/coin,http://example.org/ai-news/hear,http://example.org/ai-news/hear,0.7119
http://example.org/ai-news/coin,http://example.org/ai-news/incentivize,http://example.org/ai-news/incentivize,0.7004
http://example.org/ai-news/collaborate,http://example.org/ai-news/complain,http://example.org/ai-news/complain,0.7214
http://example.org/ai-news/collaborate,http://example.org/ai-news/conduct,http://example.org/ai-news/conduct,0.7236
http://example.org/ai-news/collaborate,http://example.org/ai-news/consider,http://example.org/ai-news/collaborate,0.7622
http://example.org/ai-news/collaborate,http://example.org/ai-news/cost,http://example.org/ai-news/cost,0.7158
http://example.org/ai-news/collaborate,http://example.org/ai-news/create,http://example.org/ai-news/create,0.7477
http://example.org/ai-news/collaborate,http://example.org/ai-news/develop,http://example.org/ai-news/collaborate,0.7405
http://example.org/ai-news/collaborate,http://example.org/ai-news/dig,http://example.org/ai-news/collaborate,0.7046
http://example.org/ai-news/collaborate,http://example.org/ai-news/discuss,http://example.org/ai-news/collaborate,0.7223
http://example.org/ai-news/collaborate,http://example.org/ai-news/do,http://example.org/ai-news/collaborate,0.745
http://example.org/ai-news/collaborate,http://example.org/ai-news/drop,http://example.org/ai-news/collaborate,0.7083
http://example.org/ai-news/collaborate,http://example.org/ai-news/enter,http://example.org/ai-news/collaborate,0.7103
http://example.org/ai-news/collaborate,http://example.org/ai-news/expect,http://example.org/ai-news/collaborate,0.7526
http://example.org/ai-news/collaborate,http://example.org/ai-news/explain,http://example.org/ai-news/explain,0.7169
http://example.org/ai-news/collaborate,http://example.org/ai-news/explore,http://example.org/ai-news/collaborate,0.7515
http://example.org/ai-news/collaborate,http://example.org/ai-news/express,http://example.org/ai-news/collaborate,0.7013
http://example.org/ai-news/collaborate,http://example.org/ai-news/find,http://example.org/ai-news/find,0.7018
http://example.org/ai-news/collaborate,http://example.org/ai-news/flood,http://example.org/ai-news/collaborate,0.7209
http://example.org/ai-news/collaborate,http://example.org/ai-news/get,http://example.org/ai-news/get,0.7086
http://example.org/ai-news/collaborate,http://example.org/ai-news/give,http://example.org/ai-news/give,0.7236
http://example.org/ai-news/collaborate,http://example.org/ai-news/guide,http://example.org/ai-news/collaborate,0.7403
http://example.org/ai-news/collaborate,http://example.org/ai-news/halt,http://example.org/ai-news/collaborate,0.7384
http://example.org/ai-news/collaborate,http://example.org/ai-news/have,http://example.org/ai-news/have,0.7704
http://example.org/ai-news/collaborate,http://example.org/ai-news/incentivize,http://example.org/ai-news/collaborate,0.7473
http://example.org/ai-news/come,http://example.org/ai-news/complain,http://example.org/ai-news/come,0.7118
http://example.org/ai-news/come,http://example.org/ai-news/conduct,http://example.org/ai-news/come,0.7311
http://example.org/ai-news/come,http://example.org/ai-news/consider,http://example.org/ai-news/come,0.7626
http://example.org/ai-news/come,http://example.org/ai-news/create,http://example.org/ai-news/create,0.7485
http://example.org/ai-news/come,http://example.org/ai-news/develop,http://example.org/ai-news/come,0.7685
http://example.org/ai-news/come,http://example.org/ai-news/dig,http://example.org/ai-news/come,0.7099
http://example.org/ai-news/come,http://example.org/ai-news/discuss,http://example.org/ai-news/come,0.7466
http://example.org/ai-news/come,http://example.org/ai-news/do,http://example.org/ai-news/come,0.7052
http://example.org/ai-news/come,http://example.org/ai-news/enable,http://example.org/ai-news/come,0.7424
http://example.org/ai-news/come,http://example.org/ai-news/enter,http://example.org/ai-news/come,0.7614
http://example.org/ai-news/come,http://example.org/ai-news/expect,http://example.org/ai-news/come,0.7129
http://example.org/ai-news/come,http://example.org/ai-news/explain,http://example.org/ai-news/explain,0.7021
http://example.org/ai-news/come,http://example.org/ai-news/explore,http://example.org/ai-news/come,0.7196
http://example.org/ai-news/come,http://example.org/ai-news/express,http://example.org/ai-news/come,0.7384
http://example.org/ai-news/come,http://example.org/ai-news/feature,http://example.org/ai-news/come,0.7828
http://example.org/ai-news/come,http://example.org/ai-news/find,http://example.org/ai-news/find,0.7229
http://example.org/ai-news/come,http://example.org/ai-news/flood,http://example.org/ai-news/come,0.7396
http://example.org/ai-news/come,http://example.org/ai-news/generate,http://example.org/ai-news/come,0.7543
http://example.org/ai-news/come,http://example.org/ai-news/get,http://example.org/ai-news/get,0.7019
http://example.org/ai-news/come,http://example.org/ai-news/give,http://example.org/ai-news/give,0.7321
http://example.org/ai-news/come,http://example.org/ai-news/go,http://example.org/ai-news/come,0.7523
http://example.org/ai-news/come,http://example.org/ai-news/guide,http://example.org/ai-news/come,0.7254
http://example.org/ai-news/come,http://example.org/ai-news/halt,http://example.org/ai-news/come,0.7256
http://example.org/ai-news/come,http://example.org/ai-news/hear,http://example.org/ai-news/come,0.734
http://example.org/ai-news/come,http://example.org/ai-news/incentivize,http://example.org/ai-news/come,0.759
http://example.org/ai-news/complain,http://example.org/ai-news/conduct,http://example.org/ai-news/conduct,0.7307
http://example.org/ai-news/complain,http://example.org/ai-news/consider,http://example.org/ai-news/complain,0.7731
http://example.org/ai-news/complain,http://example.org/ai-news/cost,http://example.org/ai-news/cost,0.741
http://example.org/ai-news/complain,http://example.org/ai-news/create,http://example.org/ai-news/create,0.7453
http://example.org/ai-news/complain,http://example.org/ai-news/develop,http://example.org/ai-news/complain,0.7036
http://example.org/ai-news/complain,http://example.org/ai-news/discuss,http://example.org/ai-news/complain,0.7262
http://example.org/ai-news/complain,http://example.org/ai-news/do,http://example.org/ai-news/complain,0.7548
http://example.org/ai-news/complain,http://example.org/ai-news/drop,http://example.org/ai-news/complain,0.7128
http://example.org/ai-news/complain,http://example.org/ai-news/enter,http://example.org/ai-news/complain,0.7163
http://example.org/ai-news/complain,http://example.org/ai-news/expect,http://example.org/ai-news/complain,0.7185
http://example.org/ai-news/complain,http://example.org/ai-news/explain,http://example.org/ai-news/explain,0.7543
http://example.org/ai-news/complain,http://example.org/ai-news/explore,http://example.org/ai-news/complain,0.7168
http://example.org/ai-news/complain,http://example.org/ai-news/express,http://example.org/ai-news/complain,0.7484
http://example.org/ai-news/complain,http://example.org/ai-news/feature,http://example.org/ai-news/complain,0.734
http://example.org/ai-news/complain,http://example.org/ai-news/flood,http://example.org/ai-news/complain,0.7219
http://example.org/ai-news/complain,http://example.org/ai-news/generate,http://example.org/ai-news/complain,0.7452
http://example.org/ai-news/complain,http://example.org/ai-news/give,http://example.org/ai-news/give,0.7276
http://example.org/ai-news/complain,http://example.org/ai-news/go,http://example.org/ai-news/complain,0.7252
http://example.org/ai-news/complain,http://example.org/ai-news/guide,http://example.org/ai-news/complain,0.7458
http://example.org/ai-news/complain,http://example.org/ai-news/halt,http://example.org/ai-news/complain,0.736
http://example.org/ai-news/complain,http://example.org/ai-news/incentivize,http://example.org/ai-news/complain,0.7336
http://example.org/ai-news/conduct,http://example.org/ai-news/consider,http://example.org/ai-news/conduct,0.7818
http://example.org/ai-news/conduct,http://example.org/ai-news/create,http://example.org/ai-news/create,0.7226
http://example.org/ai-news/conduct,http://example.org/ai-news/develop,http://example.org/ai-news/conduct,0.7215
http://example.org/ai-news/conduct,http://example.org/ai-news/dig,http://example.org/ai-news/conduct,0.782
http://example.org/ai-news/conduct,http://example.org/ai-news/discuss,http://example.org/ai-news/conduct,0.7387
http://example.org/ai-news/conduct,http://example.org/ai-news/drop,http://example.org/ai-news/conduct,0.705
http://example.org/ai-news/conduct,http://example.org/ai-news/enable,http://example.org/ai-news/conduct,0.7311
http://example.org/ai-news/conduct,http://example.org/ai-news/enter,http://example.org/ai-news/conduct,0.7763
http://example.org/ai-news/conduct,http://example.org/ai-news/expect,http://example.org/ai-news/conduct,0.7143
http://example.org/ai-news/conduct,http://example.org/ai-news/explain,http://example.org/ai-news/explain,0.7288
http://example.org/ai-news/conduct,http://example.org/ai-news/express,http://example.org/ai-news/conduct,0.7308
http://example.org/ai-news/conduct,http://example.org/ai-news/feature,http://example.org/ai-news/conduct,0.7203
http://example.org/ai-news/conduct,http://example.org/ai-news/find,http://example.org/ai-news/find,0.7311
http://example.org/ai-news/conduct,http://example.org/ai-news/flood,http://example.org/ai-news/conduct,0.7204
http://example.org/ai-news/conduct,http://example.org/ai-news/generate,http://example.org/ai-news/conduct,0.7062
http://example.org/ai-news/conduct,http://example.org/ai-news/get,http://example.org/ai-news/get,0.7348
http://example.org/ai-news/conduct,http://example.org/ai-news/give,http://example.org/ai-news/give,0.7019
http://example.org/ai-news/conduct,http://example.org/ai-news/guide,http://example.org/ai-news/conduct,0.7565
http://example.org/ai-news/conduct,http://example.org/ai-news/hear,http://example.org/ai-news/conduct,0.743
http://example.org/ai-news/conduct,http://example.org/ai-news/incentivize,http://example.org/ai-news/conduct,0.7414
http://example.org/ai-news/consider,http://example.org/ai-news/cost,http://example.org/ai-news/cost,0.7579
http://example.org/ai-news/consider,http://example.org/ai-news/create,http://example.org/ai-news/create,0.8003
http://example.org/ai-news/consider,http://example.org/ai-news/develop,http://example.org/ai-news/develop,0.7081
http://example.org/ai-news/consider,http://example.org/ai-news/dig,http://example.org/ai-news/dig,0.7648
http://example.org/ai-news/consider,http://example.org/ai-news/discuss,http://example.org/ai-news/discuss,0.7524
http://example.org/ai-news/consider,http://example.org/ai-news/do,http://example.org/ai-news/do,0.7657
http://example.org/ai-news/consider,http://example.org/ai-news/drop,http://example.org/ai-news/drop,0.7486
http://example.org/ai-news/consider,http://example.org/ai-news/enable,http://example.org/ai-news/enable,0.7725
http://example.org/ai-news/consider,http://example.org/ai-news/enter,http://example.org/ai-news/enter,0.7062
http://example.org/ai-news/consider,http://example.org/ai-news/expect,http://example.org/ai-news/expect,0.7459
http://example.org/ai-news/consider,http://example.org/ai-news/explain,http://example.org/ai-news/explain,0.7694
http://example.org/ai-news/consider,http://example.org/ai-news/explore,http://example.org/ai-news/explore,0.7587
http://example.org/ai-news/consider,http://example.org/ai-news/express,http://example.org/ai-news/express,0.7577
http://example.org/ai-news/consider,http://example.org/ai-news/feature,http://example.org/ai-news/feature,0.7319
http://example.org/ai-news/consider,http://example.org/ai-news/find,http://example.org/ai-news/find,0.7558
http://example.org/ai-news/consider,http://example.org/ai-news/flood,http://example.org/ai-news/flood,0.7658
http://example.org/ai-news/consider,http://example.org/ai-news/generate,http://example.org/ai-news/generate,0.7588
http://example.org/ai-news/consider,http://example.org/ai-news/get,http://example.org/ai-news/get,0.794
http://example.org/ai-news/consider,http://example.org/ai-news/give,http://example.org/ai-news/give,0.8047
http://example.org/ai-news/consider,http://example.org/ai-news/go,http://example.org/ai-news/go,0.7807
http://example.org/ai-news/consider,http://example.org/ai-news/guide,http://example.org/ai-news/guide,0.7139
http://example.org/ai-news/consider,http://example.org/ai-news/halt,http://example.org/ai-news/halt,0.7882
http://example.org/ai-news/consider,http://example.org/ai-news/have,http://example.org/ai-news/have,0.7838
http://example.org/ai-news/consider,http://example.org/ai-news/hear,http://example.org/ai-news/hear,0.7664
http://example.org/ai-news/consider,http://example.org/ai-news/incentivize,http://example.org/ai-news/incentivize,0.7468
http://example.org/ai-news/cost,http://example.org/ai-news/develop,http://example.org/ai-news/cost,0.7069
http://example.org/ai-news/cost,http://example.org/ai-news/dig,http://example.org/ai-news/cost,0.7194
http://example.org/ai-news/cost,http://example.org/ai-news/discuss,http://example.org/ai-news/cost,0.7118
http://example.org/ai-news/cost,http://example.org/ai-news/do,http://example.org/ai-news/cost,0.7116
http://example.org/ai-news/cost,http://example.org/ai-news/drop,http://example.org/ai-news/cost,0.7384
http://example.org/ai-news/cost,http://example.org/ai-news/enable,http://example.org/ai-news/cost,0.7573
http://example.org/ai-news/cost,http://example.org/ai-news/explain,http://example.org/ai-news/explain,0.7347
http://example.org/ai-news/cost,http://example.org/ai-news/explore,http://example.org/ai-news/cost,0.7083
http://example.org/ai-news/cost,http://example.org/ai-news/feature,http://example.org/ai-news/cost,0.726
http://example.org/ai-news/cost,http://example.org/ai-news/find,http://example.org/ai-news/find,0.7006
http://example.org/ai-news/cost,http://example.org/ai-news/flood,http://example.org/ai-news/cost,0.7101
http://example.org/ai-news/cost,http://example.org/ai-news/generate,http://example.org/ai-news/cost,0.7597
http://example.org/ai-news/cost,http://example.org/ai-news/get,http://example.org/ai-news/get,0.7129
http://example.org/ai-news/cost,http://example.org/ai-news/give,http://example.org/ai-news/give,0.7149
http://example.org/ai-news/cost,http://example.org/ai-news/go,http://example.org/ai-news/cost,0.7418
http://example.org/ai-news/cost,http://example.org/ai-news/guide,http://example.org/ai-news/cost,0.7657
http://example.org/ai-news/cost,http://example.org/ai-news/halt,http://example.org/ai-news/cost,0.7498
http://example.org/ai-news/cost,http://example.org/ai-news/have,http://example.org/ai-news/have,0.7509
http://example.org/ai-news/cost,http://example.org/ai-news/incentivize,http://example.org/ai-news/cost,0.7718
http://example.org/ai-news/create,http://example.org/ai-news/develop,http://example.org/ai-news/create,0.7468
http://example.org/ai-news/create,http://example.org/ai-news/dig,http://example.org/ai-news/create,0.7414
http://example.org/ai-news/create,http://example.org/ai-news/discuss,http://example.org/ai-news/create,0.7615
http://example.org/ai-news/create,http://example.org/ai-news/do,http://example.org/ai-news/create,0.7713
http://example.org/ai-news/create,http://example.org/ai-news/drop,http://example.org/ai-news/create,0.7346
http://example.org/ai-news/create,http://example.org/ai-news/enable,http://example.org/ai-news/create,0.7505
http://example.org/ai-news/create,http://example.org/ai-news/enter,http://example.org/ai-news/create,0.7583
http://example.org/ai-news/create,http://example.org/ai-news/expect,http://example.org/ai-news/create,0.7512
http://example.org/ai-news/create,http://example.org/ai-news/explain,http://example.org/ai-news/create,0.7606
http://example.org/ai-news/create,http://example.org/ai-news/explore,http://example.org/ai-news/create,0.7769
http://example.org/ai-news/create,http://example.org/ai-news/express,http://example.org/ai-news/create,0.7793
http://example.org/ai-news/create,http://example.org/ai-news/feature,http://example.org/ai-news/create,0.7695
http://example.org/ai-news/create,http://example.org/ai-news/find,http://example.org/ai-news/create,0.7324
http://example.org/ai-news/create,http://example.org/ai-news/flood,http://example.org/ai-news/create,0.7536
http://example.org/ai-news/create,http://example.org/ai-news/generate,http://example.org/ai-news/create,0.7736
http://example.org/ai-news/create,http://example.org/ai-news/give,http://example.org/ai-news/create,0.7156
http://example.org/ai-news/create,http://example.org/ai-news/go,http://example.org/ai-news/create,0.7327
http://example.org/ai-news/create,http://example.org/ai-news/guide,http://example.org/ai-news/create,0.7677
http://example.org/ai-news/create,http://example.org/ai-news/halt,http://example.org/ai-news/create,0.7397
http://example.org/ai-news/create,http://example.org/ai-news/have,http://example.org/ai-news/create,0.7267
http://example.org/ai-news/create,http://example.org/ai-news/hear,http://example.org/ai-news/create,0.7241
http://example.org/ai-news/create,http://example.org/ai-news/incentivize,http://example.org/ai-news/create,0.7122
http://example.org/ai-news/develop,http://example.org/ai-news/dig,http://example.org/ai-news/dig,0.7499
http://example.org/ai-news/develop,http://example.org/ai-news/discuss,http://example.org/ai-news/discuss,0.7202
http://example.org/ai-news/develop,http://example.org/ai-news/do,http://example.org/ai-news/do,0.7036
http://example.org/ai-news/develop,http://example.org/ai-news/enable,http://example.org/ai-news/enable,0.7096
http://example.org/ai-news/develop,http://example.org/ai-news/enter,http://example.org/ai-news/develop,0.7415
http://example.org/ai-news/develop,http://example.org/ai-news/expect,http://example.org/ai-news/expect,0.725
http://example.org/ai-news/develop,http://example.org/ai-news/explain,http://example.org/ai-news/explain,0.7121
http://example.org/ai-news/develop,http://example.org/ai-news/explore,http://example.org/ai-news/explore,0.7358
http://example.org/ai-news/develop,http://example.org/ai-news/express,http://example.org/ai-news/express,0.7267
http://example.org/ai-news/develop,http://example.org/ai-news/feature,http://example.org/ai-news/feature,0.7052
http://example.org/ai-news/develop,http://example.org/ai-news/find,http://example.org/ai-news/find,0.7803
http://example.org/ai-news/develop,http://example.org/ai-news/flood,http://example.org/ai-news/flood,0.7322
http://example.org/ai-news/develop,http://example.org/ai-news/get,http://example.org/ai-news/get,0.7306
http://example.org/ai-news/develop,http://example.org/ai-news/give,http://example.org/ai-news/give,0.7426
http://example.org/ai-news/develop,http://example.org/ai-news/go,http://example.org/ai-news/go,0.7376
http://example.org/ai-news/develop,http://example.org/ai-news/guide,http://example.org/ai-news/develop,0.7568
http://example.org/ai-news/develop,http://example.org/ai-news/halt,http://example.org/ai-news/halt,0.7085
http://example.org/ai-news/develop,http://example.org/ai-news/have,http://example.org/ai-news/have,0.7601
http://example.org/ai-news/develop,http://example.org/ai-news/hear,http://example.org/ai-news/hear,0.751
http://example.org/ai-news/dig,http://example.org/ai-news/discuss,http://example.org/ai-news/dig,0.7418
http://example.org/ai-news/dig,http://example.org/ai-news/do,http://example.org/ai-news/dig,0.703
http://example.org/ai-news/dig,http://example.org/ai-news/enable,http://example.org/ai-news/dig,0.7204
http://example.org/ai-news/dig,http://example.org/ai-news/enter,http://example.org/ai-news/dig,0.7335
http://example.org/ai-news/dig,http://example.org/ai-news/expect,http://example.org/ai-news/dig,0.7497
http://example.org/ai-news/dig,http://example.org/ai-news/explain,http://example.org/ai-news/explain,0.7411
http://example.org/ai-news/dig,http://example.org/ai-news/express,http://example.org/ai-news/dig,0.7228
http://example.org/ai-news/dig,http://example.org/ai-news/feature,http://example.org/ai-news/dig,0.7115
http://example.org/ai-news/dig,http://example.org/ai-news/find,http://example.org/ai-news/find,0.7304
http://example.org/ai-news/dig,http://example.org/ai-news/get,http://example.org/ai-news/get,0.736
http://example.org/ai-news/dig,http://example.org/ai-news/give,http://example.org/ai-news/give,0.718
http://example.org/ai-news/dig,http://example.org/ai-news/go,http://example.org/ai-news/go,0.7165
http://example.org/ai-news/dig,http://example.org/ai-news/guide,http://example.org/ai-news/dig,0.7217
http://example.org/ai-news/dig,http://example.org/ai-news/halt,http://example.org/ai-news/dig,0.707
http://example.org/ai-news/dig,http://example.org/ai-news/have,http://example.org/ai-news/have,0.736
http://example.org/ai-news/dig,http://example.org/ai-news/hear,http://example.org/ai-news/hear,0.7349
http://example.org/ai-news/discuss,http://example.org/ai-news/do,http://example.org/ai-news/discuss,0.7552
http://example.org/ai-news/discuss,http://example.org/ai-news/drop,http://example.org/ai-news/drop,0.7155
http://example.org/ai-news/discuss,http://example.org/ai-news/enable,http://example.org/ai-news/discuss,0.7378
http://example.org/ai-news/discuss,http://example.org/ai-news/enter,http://example.org/ai-news/discuss,0.7344
http://example.org/ai-news/discuss,http://example.org/ai-news/expect,http://example.org/ai-news/expect,0.7593
http://example.org/ai-news/discuss,http://example.org/ai-news/explain,http://example.org/ai-news/explain,0.7505
http://example.org/ai-news/discuss,http://example.org/ai-news/explore,http://example.org/ai-news/explore,0.7667
http://example.org/ai-news/discuss,http://example.org/ai-news/find,http://example.org/ai-news/find,0.7598
http://example.org/ai-news/discuss,http://example.org/ai-news/generate,http://example.org/ai-news/discuss,0.7064
http://example.org/ai-news/discuss,http://example.org/ai-news/get,http://example.org/ai-news/get,0.7418
http://example.org/ai-news/discuss,http://example.org/ai-news/give,http://example.org/ai-news/give,0.7291
http://example.org/ai-news/discuss,http://example.org/ai-news/go,http://example.org/ai-news/go,0.7029
http://example.org/ai-news/discuss,http://example.org/ai-news/guide,http://example.org/ai-news/discuss,0.7239
http://example.org/ai-news/discuss,http://example.org/ai-news/have,http://example.org/ai-news/have,0.7712
http://example.org/ai-news/discuss,http://example.org/ai-news/hear,http://example.org/ai-news/hear,0.7222
http://example.org/ai-news/discuss,http://example.org/ai-news/incentivize,http://example.org/ai-news/discuss,0.7051
http://example.org/ai-news/do,http://example.org/ai-news/enter,http://example.org/ai-news/do,0.7088
http://example.org/ai-news/do,http://example.org/ai-news/expect,http://example.org/ai-news/expect,0.7294
http://example.org/ai-news/do,http://example.org/ai-news/explain,http://example.org/ai-news/explain,0.7295
http://example.org/ai-news/do,http://example.org/ai-news/explore,http://example.org/ai-news/explore,0.717
http://example.org/ai-news/do,http://example.org/ai-news/feature,http://example.org/ai-news/feature,0.7035
http://example.org/ai-news/do,http://example.org/ai-news/find,http://example.org/ai-news/find,0.7336
http://example.org/ai-news/do,http://example.org/ai-news/get,http://example.org/ai-news/get,0.7528
http://example.org/ai-news/do,http://example.org/ai-news/give,http://example.org/ai-news/give,0.756
http://example.org/ai-news/do,http://example.org/ai-news/go,http://example.org/ai-news/go,0.7646
http://example.org/ai-news/do,http://example.org/ai-news/guide,http://example.org/ai-news/do,0.7002
http://example.org/ai-news/do,http://example.org/ai-news/halt,http://example.org/ai-news/halt,0.7371
http://example.org/ai-news/do,http://example.org/ai-news/have,http://example.org/ai-news/have,0.7367
http://example.org/ai-news/drop,http://example.org/ai-news/enable,http://example.org/ai-news/drop,0.7562
http://example.org/ai-news/drop,http://example.org/ai-news/enter,http://example.org/ai-news/drop,0.7204
http://example.org/ai-news/drop,http://example.org/ai-news/expect,http://example.org/ai-news/expect,0.7271
http://example.org/ai-news/drop,http://example.org/ai-news/explain,http://example.org/ai-news/explain,0.7106
http://example.org/ai-news/drop,http://example.org/ai-news/explore,http://example.org/ai-news/explore,0.7025
http://example.org/ai-news/drop,http://example.org/ai-news/express,http://example.org/ai-news/drop,0.7138
http://example.org/ai-news/drop,http://example.org/ai-news/find,http://example.org/ai-news/find,0.713
http://example.org/ai-news/drop,http://example.org/ai-news/flood,http://example.org/ai-news/flood,0.7016
http://example.org/ai-news/drop,http://example.org/ai-news/get,http://example.org/ai-news/get,0.746
http://example.org/ai-news/drop,http://example.org/ai-news/give,http://example.org/ai-news/give,0.7207
http://example.org/ai-news/drop,http://example.org/ai-news/guide,http://example.org/ai-news/drop,0.7079
http://example.org/ai-news/drop,http://example.org/ai-news/halt,http://example.org/ai-news/halt,0.7084
http://example.org/ai-news/drop,http://example.org/ai-news/have,http://example.org/ai-news/have,0.745
http://example.org/ai-news/drop,http://example.org/ai-news/hear,http://example.org/ai-news/hear,0.7024
http://example.org/ai-news/drop,http://example.org/ai-news/incentivize,http://example.org/ai-news/drop,0.7301
http://example.org/ai-news/enable,http://example.org/ai-news/enter,http://example.org/ai-news/enable,0.7398
http://example.org/ai-news/enable,http://example.org/ai-news/expect,http://example.org/ai-news/expect,0.7392
http://example.org/ai-news/enable,http://example.org/ai-news/explain,http://example.org/ai-news/explain,0.7208
http://example.org/ai-news/enable,http://example.org/ai-news/explore,http://example.org/ai-news/explore,0.7086
http://example.org/ai-news/enable,http://example.org/ai-news/express,http://example.org/ai-news/express,0.7478
http://example.org/ai-news/enable,http://example.org/ai-news/find,http://example.org/ai-news/find,0.762
http://example.org/ai-news/enable,http://example.org/ai-news/flood,http://example.org/ai-news/flood,0.7329
http://example.org/ai-news/enable,http://example.org/ai-news/get,http://example.org/ai-news/get,0.7349
http://example.org/ai-news/enable,http://example.org/ai-news/give,http://example.org/ai-news/give,0.74
http://example.org/ai-news/enable,http://example.org/ai-news/go,http://example.org/ai-news/go,0.7323
http://example.org/ai-news/enable,http://example.org/ai-news/halt,http://example.org/ai-news/halt,0.7359
http://example.org/ai-news/enable,http://example.org/ai-news/have,http://example.org/ai-news/have,0.7755
http://example.org/ai-news/enable,http://example.org/ai-news/hear,http://example.org/ai-news/hear,0.7509
http://example.org/ai-news/enter,http://example.org/ai-news/expect,http://example.org/ai-news/expect,0.7411
http://example.org/ai-news/enter,http://example.org/ai-news/explain,http://example.org/ai-news/explain,0.7342
http://example.org/ai-news/enter,http://example.org/ai-news/explore,http://example.org/ai-news/explore,0.7391
http://example.org/ai-news/enter,http://example.org/ai-news/feature,http://example.org/ai-news/feature,0.7254
http://example.org/ai-news/enter,http://example.org/ai-news/find,http://example.org/ai-news/find,0.7806
http://example.org/ai-news/enter,http://example.org/ai-news/flood,http://example.org/ai-news/flood,0.7037
http://example.org/ai-news/enter,http://example.org/ai-news/generate,http://example.org/ai-news/generate,0.7192
http://example.org/ai-news/enter,http://example.org/ai-news/get,http://example.org/ai-news/get,0.7379
http://example.org/ai-news/enter,http://example.org/ai-news/give,http://example.org/ai-news/give,0.7136
http://example.org/ai-news/enter,http://example.org/ai-news/go,http://example.org/ai-news/go,0.7233
http://example.org/ai-news/enter,http://example.org/ai-news/have,http://example.org/ai-news/have,0.7409
http://example.org/ai-news/enter,http://example.org/ai-news/hear,http://example.org/ai-news/hear,0.7122
http://example.org/ai-news/expect,http://example.org/ai-news/explain,http://example.org/ai-news/explain,0.7518
http://example.org/ai-news/expect,http://example.org/ai-news/feature,http://example.org/ai-news/expect,0.7005
http://example.org/ai-news/expect,http://example.org/ai-news/find,http://example.org/ai-news/find,0.7473
http://example.org/ai-news/expect,http://example.org/ai-news/flood,http://example.org/ai-news/expect,0.7315
http://example.org/ai-news/expect,http://example.org/ai-news/generate,http://example.org/ai-news/expect,0.7263
http://example.org/ai-news/expect,http://example.org/ai-news/get,http://example.org/ai-news/get,0.7373
http://example.org/ai-news/expect,http://example.org/ai-news/give,http://example.org/ai-news/give,0.7431
http://example.org/ai-news/expect,http://example.org/ai-news/go,http://example.org/ai-news/go,0.7341
http://example.org/ai-news/expect,http://example.org/ai-news/guide,http://example.org/ai-news/expect,0.7324
http://example.org/ai-news/expect,http://example.org/ai-news/halt,http://example.org/ai-news/expect,0.712
http://example.org/ai-news/expect,http://example.org/ai-news/have,http://example.org/ai-news/have,0.7791
http://example.org/ai-news/expect,http://example.org/ai-news/hear,http://example.org/ai-news/hear,0.7415
http://example.org/ai-news/expect,http://example.org/ai-news/incentivize,http://example.org/ai-news/expect,0.7327
http://example.org/ai-news/explain,http://example.org/ai-news/express,http://example.org/ai-news/explain,0.7758
http://example.org/ai-news/explain,http://example.org/ai-news/feature,http://example.org/ai-news/explain,0.7276
http://example.org/ai-news/explain,http://example.org/ai-news/find,http://example.org/ai-news/find,0.7411
http://example.org/ai-news/explain,http://example.org/ai-news/flood,http://example.org/ai-news/explain,0.7139
http://example.org/ai-news/explain,http://example.org/ai-news/generate,http://example.org/ai-news/explain,0.7811
http://example.org/ai-news/explain,http://example.org/ai-news/go,http://example.org/ai-news/explain,0.7245
http://example.org/ai-news/explain,http://example.org/ai-news/guide,http://example.org/ai-news/explain,0.7315
http://example.org/ai-news/explain,http://example.org/ai-news/halt,http://example.org/ai-news/explain,0.7232
http://example.org/ai-news/explain,http://example.org/ai-news/have,http://example.org/ai-news/have,0.7263
http://example.org/ai-news/explain,http://example.org/ai-news/hear,http://example.org/ai-news/explain,0.7185
http://example.org/ai-news/explain,http://example.org/ai-news/incentivize,http://example.org/ai-news/explain,0.7348
http://example.org/ai-news/explore,http://example.org/ai-news/feature,http://example.org/ai-news/explore,0.7268
http://example.org/ai-news/explore,http://example.org/ai-news/find,http://example.org/ai-news/find,0.7354
http://example.org/ai-news/explore,http://example.org/ai-news/flood,http://example.org/ai-news/explore,0.7482
http://example.org/ai-news/explore,http://example.org/ai-news/generate,http://example.org/ai-news/explore,0.7222
http://example.org/ai-news/explore,http://example.org/ai-news/get,http://example.org/ai-news/get,0.7251
http://example.org/ai-news/explore,http://example.org/ai-news/give,http://example.org/ai-news/give,0.7475
http://example.org/ai-news/explore,http://example.org/ai-news/guide,http://example.org/ai-news/explore,0.7502
http://example.org/ai-news/explore,http://example.org/ai-news/have,http://example.org/ai-news/have,0.7365
http://example.org/ai-news/explore,http://example.org/ai-news/incentivize,http://example.org/ai-news/explore,0.7102
http://example.org/ai-news/express,http://example.org/ai-news/feature,http://example.org/ai-news/express,0.716
http://example.org/ai-news/express,http://example.org/ai-news/find,http://example.org/ai-news/find,0.7045
http://example.org/ai-news/express,http://example.org/ai-news/give,http://example.org/ai-news/give,0.749
http://example.org/ai-news/express,http://example.org/ai-news/go,http://example.org/ai-news/go,0.7471
http://example.org/ai-news/express,http://example.org/ai-news/guide,http://example.org/ai-news/express,0.7413
http://example.org/ai-news/express,http://example.org/ai-news/halt,http://example.org/ai-news/halt,0.7211
http://example.org/ai-news/express,http://example.org/ai-news/have,http://example.org/ai-news/have,0.7546
http://example.org/ai-news/express,http://example.org/ai-news/hear,http://example.org/ai-news/hear,0.7012
http://example.org/ai-news/feature,http://example.org/ai-news/find,http://example.org/ai-news/find,0.7676
http://example.org/ai-news/feature,http://example.org/ai-news/flood,http://example.org/ai-news/flood,0.7507
http://example.org/ai-news/feature,http://example.org/ai-news/generate,http://example.org/ai-news/feature,0.7527
http://example.org/ai-news/feature,http://example.org/ai-news/get,http://example.org/ai-news/get,0.7054
http://example.org/ai-news/feature,http://example.org/ai-news/give,http://example.org/ai-news/give,0.7348
http://example.org/ai-news/feature,http://example.org/ai-news/go,http://example.org/ai-news/go,0.7031
http://example.org/ai-news/feature,http://example.org/ai-news/guide,http://example.org/ai-news/feature,0.7531
http://example.org/ai-news/feature,http://example.org/ai-news/halt,http://example.org/ai-news/halt,0.7081
http://example.org/ai-news/feature,http://example.org/ai-news/have,http://example.org/ai-news/have,0.7589
http://example.org/ai-news/feature,http://example.org/ai-news/hear,http://example.org/ai-news/hear,0.7428
http://example.org/ai-news/find,http://example.org/ai-news/flood,http://example.org/ai-news/find,0.7606
http://example.org/ai-news/find,http://example.org/ai-news/generate,http://example.org/ai-news/find,0.7685
http://example.org/ai-news/find,http://example.org/ai-news/get,http://example.org/ai-news/find,0.7111
http://example.org/ai-news/find,http://example.org/ai-news/go,http://example.org/ai-news/find,0.7547
http://example.org/ai-news/find,http://example.org/ai-news/guide,http://example.org/ai-news/find,0.7556
http://example.org/ai-news/find,http://example.org/ai-news/halt,http://example.org/ai-news/find,0.7293
http://example.org/ai-news/find,http://example.org/ai-news/have,http://example.org/ai-news/have,0.7392
http://example.org/ai-news/find,http://example.org/ai-news/hear,http://example.org/ai-news/find,0.7499
http://example.org/ai-news/find,http://example.org/ai-news/incentivize,http://example.org/ai-news/find,0.727
http://example.org/ai-news/flood,http://example.org/ai-news/generate,http://example.org/ai-news/flood,0.7069
http://example.org/ai-news/flood,http://example.org/ai-news/give,http://example.org/ai-news/give,0.7262
http://example.org/ai-news/flood,http://example.org/ai-news/go,http://example.org/ai-news/go,0.714
http://example.org/ai-news/flood,http://example.org/ai-news/guide,http://example.org/ai-news/flood,0.7165
http://example.org/ai-news/flood,http://example.org/ai-news/halt,http://example.org/ai-news/halt,0.7071
http://example.org/ai-news/flood,http://example.org/ai-news/have,http://example.org/ai-news/have,0.7388
http://example.org/ai-news/flood,http://example.org/ai-news/hear,http://example.org/ai-news/hear,0.7108
http://example.org/ai-news/flood,http://example.org/ai-news/incentivize,http://example.org/ai-news/flood,0.7185
http://example.org/ai-news/generate,http://example.org/ai-news/get,http://example.org/ai-news/get,0.7551
http://example.org/ai-news/generate,http://example.org/ai-news/give,http://example.org/ai-news/give,0.7306
http://example.org/ai-news/generate,http://example.org/ai-news/go,http://example.org/ai-news/go,0.7014
http://example.org/ai-news/generate,http://example.org/ai-news/guide,http://example.org/ai-news/generate,0.7365
http://example.org/ai-news/generate,http://example.org/ai-news/halt,http://example.org/ai-news/halt,0.7249
http://example.org/ai-news/generate,http://example.org/ai-news/have,http://example.org/ai-news/have,0.7715
http://example.org/ai-news/generate,http://example.org/ai-news/hear,http://example.org/ai-news/hear,0.7157
http://example.org/ai-news/generate,http://example.org/ai-news/incentivize,http://example.org/ai-news/incentivize,0.7317
http://example.org/ai-news/get,http://example.org/ai-news/go,http://example.org/ai-news/get,0.7484
http://example.org/ai-news/get,http://example.org/ai-news/guide,http://example.org/ai-news/get,0.759
http://example.org/ai-news/get,http://example.org/ai-news/halt,http://example.org/ai-news/get,0.7145
http://example.org/ai-news/get,http://example.org/ai-news/hear,http://example.org/ai-news/get,0.7361
http://example.org/ai-news/get,http://example.org/ai-news/incentivize,http://example.org/ai-news/get,0.7566
http://example.org/ai-news/give,http://example.org/ai-news/go,http://example.org/ai-news/give,0.7165
http://example.org/ai-news/give,http://example.org/ai-news/guide,http://example.org/ai-news/give,0.7444
http://example.org/ai-news/give,http://example.org/ai-news/halt,http://example.org/ai-news/give,0.7339
http://example.org/ai-news/give,http://example.org/ai-news/have,http://example.org/ai-news/have,0.7393
http://example.org/ai-news/give,http://example.org/ai-news/hear,http://example.org/ai-news/give,0.7504
http://example.org/ai-news/give,http://example.org/ai-news/incentivize,http://example.org/ai-news/give,0.7735
http://example.org/ai-news/go,http://example.org/ai-news/guide,http://example.org/ai-news/go,0.7653
http://example.org/ai-news/go,http://example.org/ai-news/halt,http://example.org/ai-news/go,0.7267
http://example.org/ai-news/go,http://example.org/ai-news/hear,http://example.org/ai-news/go,0.7159
http://example.org/ai-news/go,http://example.org/ai-news/incentivize,http://example.org/ai-news/go,0.7654
http://example.org/ai-news/guide,http://example.org/ai-news/halt,http://example.org/ai-news/halt,0.7223
http://example.org/ai-news/guide,http://example.org/ai-news/have,http://example.org/ai-news/have,0.7587
http://example.org/ai-news/guide,http://example.org/ai-news/hear,http://example.org/ai-news/hear,0.7363
http://example.org/ai-news/guide,http://example.org/ai-news/incentivize,http://example.org/ai-news/incentivize,0.7319
http://example.org/ai-news/halt,http://example.org/ai-news/have,http://example.org/ai-news/have,0.7471
http://example.org/ai-news/have,http://example.org/ai-news/hear,http://example.org/ai-news/have,0.7509
http://example.org/ai-news/have,http://example.org/ai-news/incentivize,http://example.org/ai-news/have,0.7564
http://example.org/ai-news/hear,http://example.org/ai-news/incentivize,http://example.org/ai-news/hear,0.7525
